sku,name,brand,category,description,unit,price,hsn,image,descimage
IFUGE M08,IFUGE M08 MAGNETIC ROTOR,Neuation / Accumax,Rotors & Buckets,,unit,11082,,,
IFUGE M08VT,IFUGE M08VT MAGNETIC ROTOR,Neuation / Accumax,Rotors & Buckets,,unit,15713,,,
IFUGE M5K COMBI,IFUGE M5K COMBI,Neuation / Accumax,Centrifuges,,unit,18079,,,
IFUGE M15K,IFUGE M15K,Neuation / Accumax,Centrifuges,,unit,57743,,,
M12-R2X8,ROTOR (ASS)_M15K_PCR_PL,Neuation / Accumax,Rotors & Buckets,,unit,17498,,,
M12-R12-03,ROTOR (ASS)_M15K_PLASTIC,Neuation / Accumax,Rotors & Buckets,,unit,10686,,,
IFUGE M24 NXT,IFUGE M24 (2.0),Neuation / Accumax,Centrifuges,,unit,81510,,,
IFUGE M24PR,IFUGE M24PR (2.0),Neuation / Accumax,Centrifuges,,unit,219022,,,
M24-R24,ROTOR (ASS)_24 SLOT ROTOR_0124-00-0601,Neuation / Accumax,Rotors & Buckets,,unit,29823,,,
M24-R44,ROTOR (ASS)_44 SLOT ROTOR_0124-00-0701,Neuation / Accumax,Rotors & Buckets,,unit,37437,,,
M24-R8,ROTOR (ASS)_5 ML ROTOR_0122-00-0900,Neuation / Accumax,Rotors & Buckets,,unit,37054,,,
M24-R4 X 8,ROTOR (ASS)_8X4 PCR ROTOR_0124-00-0801,Neuation / Accumax,Rotors & Buckets,,unit,41512,,,
IFUGE D06,IFUGE D06 (WITH 6 TUBE ROTOR),Neuation / Accumax,Rotors & Buckets,,unit,49017,,,
SEZ-14,IFUGE D06 (WITH 8 TUBE ROTOR),Neuation / Accumax,Rotors & Buckets,,unit,49865,,,
D06-8A,ROTOR (ASS)_8X15_D06,Neuation / Accumax,Rotors & Buckets,,unit,8845,,,
D06-6A,ROTOR (ASS)_6X15_D06,Neuation / Accumax,Rotors & Buckets,,unit,7997,,,
IFUGE D08,IFUGE D08,Neuation / Accumax,Centrifuges,,unit,32462,,,
IFUGE HCT NXT,IFUGE HCT NXT,Neuation / Accumax,Centrifuges,,unit,64938,,,
IFUGE C4000 NXT,IFUGE C4000 NXT (WITHOUT ROTOR),Neuation / Accumax,Rotors & Buckets,,unit,60428,,,
SEZ-20,IFUGE C4000 NXT (WITH 16 X 10 ML ROTOR),Neuation / Accumax,Rotors & Buckets,,unit,68818,,,
SEZ-21,IFUGE C4000 NXT (WITH 8 X 15 ML ROTOR),Neuation / Accumax,Rotors & Buckets,,unit,66155,,,
SEZ-22,IFUGE C4000 (WITH 6 X 10 ML ROTOR),Neuation / Accumax,Rotors & Buckets,,unit,66155,,,
CS01-RA08,ROTOR (ASS)_CS06_8X15ML_FIX_ANGLE_ROTOR (C01 RA08),Neuation / Accumax,Rotors & Buckets,,unit,5726,,,
CS01-RA16,ROTOR (ASS)_CS06_16X10ML_FIX_ANGLE_ROTOR (C01 RA16),Neuation / Accumax,Rotors & Buckets,,unit,8389,,,
CS01-RS06,ROTOR (ASS)_CS06_6X10ML SWING ROTOR (C01 RS06),Neuation / Accumax,Rotors & Buckets,,unit,5726,,,
IFUGE CS03,IFUGE CS03 NXT,Neuation / Accumax,Centrifuges,,unit,61237,,,
C01-RS02,50ML_2-TUBE_ROTOR_ASS._0146,Neuation / Accumax,Rotors & Buckets,,unit,7445,,,
C01-RS03,50ML_3-TUBE_ROTOR_ASS._0146,Neuation / Accumax,Rotors & Buckets,,unit,22148,,,
IFUGE CYTO,IFUGE CYTO CENTRIFUGE,Neuation / Accumax,Centrifuges,,unit,71844,,,
IFUGE GC12,IFUGE GC12 UNIVERSAL GEL CARD CENTRIFUGE,Neuation / Accumax,Centrifuges,,unit,75649,,,
IFUGE CS2P,IFUGE CS2P NXT,Neuation / Accumax,Centrifuges,,unit,64456,,,
C01-RS2P,ROTOR (ASS)_CS06_MICRO PLATE ROTOR ASSEMBLY (CS2P ROTOR),Neuation / Accumax,Rotors & Buckets,,pack,9970,,,
IFUGE FX2P,IFUGE FX2P,Neuation / Accumax,Centrifuges,,unit,26354,,,
iFUGE CS04 NXT,iFUGE CS04 NXT,Neuation / Accumax,Centrifuges,,unit,76649,,,
IFUGE L400 NXT,IFUGE L400 NXT,Neuation / Accumax,Centrifuges,,unit,47334,,,
L400-NXT-FIX-BB,BACK BONE (ASS)_FIX ANGLE ROTOR_L400 NXT_0183,Neuation / Accumax,Rotors & Buckets,,unit,2979,,,
Bucket-53-Fix - 16 x 15ml rotor,FIX BUCKET (ASS)_16X15 ML FIX ANGLE ROTOR_0183-00-0501-0-003,Neuation / Accumax,Rotors & Buckets,,unit,3485,,,
L400-NXT-SWING-BB,BACK BONE (ASS)_SWING OUT ROTOR_L400 NXT_0183,Neuation / Accumax,Rotors & Buckets,,unit,2979,,,
Bucket-31-Swing - 32 x 6ml rotor,SWING BUCKET (ASS)_32X6 ML TUBE SWING OUT ROTOR_0183-00-0502,Neuation / Accumax,Rotors & Buckets,,unit,13310,,,
BUCKET-32-SWING - 24 X 15ML,SWING BUCKET (ASS)_24X15 ML GLASS TUBE SWING OUT ROTOR_0183-00-0500,Neuation / Accumax,Rotors & Buckets,,unit,11947,,,
BUCKET-33-SWING - 16 X 15ML,SWING BUCKET (ASS)_16X15 ML TUBE SWING OUT ROTOR_0183-00-0501,Neuation / Accumax,Rotors & Buckets,,unit,9857,,,
BUCKET-34-SWING - 4 X 50ML,SWING BUCKET (ASS)_4X50 ML TUBE SWING OUT ROTOR_0183-00-0503,Neuation / Accumax,Rotors & Buckets,,unit,7066,,,
Bucket-52-Fix - 24 x 15ml Glass Tube,FIX BUCKET (ASS)_24X15 ML FIX ANGLE ROTOR_0183-00-0500-0-002,Neuation / Accumax,Rotors & Buckets,,unit,4183,,,
Bucket-51-Fix - 32 x 6ml rotor,FIX BUCKET (ASS)_32X6 ML FIX ANGLE ROTOR_0183-00-0502-0-004,Neuation / Accumax,Rotors & Buckets,,unit,3485,,,
Bucket-54-Fix - 4 x 50ml rotor,FIX BUCKET (ASS)_4X50 ML FIX ANGLE ROTOR_0183-00-0503-0-005,Neuation / Accumax,Rotors & Buckets,,unit,3485,,,
IFUGE L400P,IFUGE L400P,Neuation / Accumax,Centrifuges,,unit,84594,,,
LC01-L400-140,ROTOR (ASS)_32X6 ML SWING OUT ROTOR_0131-00-0140_L30-140 ROTOR,Neuation / Accumax,Rotors & Buckets,,unit,27460,,,
LC01-L30-125,ROTOR (ASS)_16X15 ML SWING OUT ROTOR_0131-00-0139_L30 ROTOR,Neuation / Accumax,Rotors & Buckets,,unit,20942,,,
LC01-L30-129,ROTOR (ASS)_4X50 ML SWING OUT ROTOR_0131-00-0141_L30 ROTOR,Neuation / Accumax,Rotors & Buckets,,unit,15924,,,
LC01-L30-130,ROTOR (ASS)_4X100 ML SWING OUT ROTOR_0131-00-0156_L30 ROTOR,Neuation / Accumax,Rotors & Buckets,,unit,18016,,,
LC01-L400-124,ROTOR (ASS)_2X MICEOPLATE SWING ROTOR_0131-00-0124_L30-124 ROTOR,Neuation / Accumax,Rotors & Buckets,,pack,39505,,,
LC01-L30-131,ROTOR (ASS)_16X15 ML FIX ANGLE ROTOR_0131-00-0150_L400_MACHINING_ROTOR,Neuation / Accumax,Rotors & Buckets,,unit,13557,,,
LC01-L30-135,ROTOR (ASS)_4X50 ML FIX ANGLE ROTOR_0131-00-0147_L400_MACHINING_ROTOR,Neuation / Accumax,Rotors & Buckets,,unit,9718,,,
LC01-L30-136,ROTOR (ASS)_4X100 ML FIX ANGLE ROTOR_0131-00-0146_L400 _MACHINING_ROTOR,Neuation / Accumax,Rotors & Buckets,,unit,18423,,,
LC01-L30-137,ROTOR (ASS)_24X15 ML FIX ANGLE ROTOR_0131-00-0149_L400_MACHINING_ROTOR,Neuation / Accumax,Rotors & Buckets,,unit,22752,,,
IFUGE UC02,IFUGE UC02,Neuation / Accumax,Centrifuges,,unit,132784,,,
IFUGE UC02R,IFUGE UC02R,Neuation / Accumax,Centrifuges,,unit,244008,,,
UC-139,ROTOR (ASS)_16X15 ML SWING OUT ROTOR_0134-00-0139_UC02 (UC-139),Neuation / Accumax,Rotors & Buckets,,unit,21079,,,
UC-146,ROTOR (ASS)_4X100 ML FIX ANGLE ROTOR_0134-00-0146_UC02 _MACHINING(UC-146),Neuation / Accumax,Rotors & Buckets,,unit,18823,,,
UC-600,ROTOR (ASS)_24 SLOTX2ML FIX ANGLE_0134-00-0601_UC02 (UC-600),Neuation / Accumax,Rotors & Buckets,,unit,30815,,,
UC-700,ROTOR (ASS)_44 SLOTX2ML FIX ANGLE_0134-00-0701_UC02 (UC-700),Neuation / Accumax,Rotors & Buckets,,unit,38669,,,
UC-800,ROTOR (ASS)_4SLOT X 8PCR FIX ANGLE_0134-00-0801_UC02 (UC-800),Neuation / Accumax,Rotors & Buckets,,unit,40170,,,
UC-900,ROTOR (ASS)_8 SLOT X 5ML FIX ANGLE_0134-00-0900_UC02 (UC-900),Neuation / Accumax,Rotors & Buckets,,unit,35747,,,
UC-141,ROTOR (ASS)_4X50 ML SWING OUT ROTOR_0134-00-0141_UC02 (UC-141),Neuation / Accumax,Rotors & Buckets,,unit,17717,,,
UC-142,ROTOR (ASS)_4X100 ML SWING OUT ROTOR_0134-00-0142_UC02 (UC-142),Neuation / Accumax,Rotors & Buckets,,unit,16921,,,
UC-124,ROTOR (ASS)_2X MICEOPLATE SWING ROTOR_0134-00-0124_UC02 (UC-124),Neuation / Accumax,Rotors & Buckets,,pack,36556,,,
UC-140,ROTOR (ASS)_32X6 ML SWING OUT ROTOR_0134-00-0140_UC02 (UC-140),Neuation / Accumax,Rotors & Buckets,,unit,26068,,,
UC-150,ROTOR (ASS)_16X15 ML FIX ANGLE ROTOR_0134-00-0150_UC02_MACHINING(UC-150),Neuation / Accumax,Rotors & Buckets,,unit,23019,,,
UC-147,ROTOR (ASS)_4X50 ML FIX ANGLE ROTOR_0134-00-0147_UC02_MACHINING(UC-147),Neuation / Accumax,Rotors & Buckets,,unit,18823,,,
UC-149,ROTOR (ASS)_24X15 ML FIX ANGLE ROTOR_0134-00-0149_UC02_MACHINING(UC-149),Neuation / Accumax,Rotors & Buckets,,unit,26462,,,
UC-148,ROTOR (ASS)_6X50 ML FIX ANGLE ROTOR_0134-00-0148_UC02_MACHINING(UC-148),Neuation / Accumax,Rotors & Buckets,,unit,27237,,,
UC-156,ROTOR (ASS)_4X100 ML SWING OUT ROTOR_0134-00-0156_UC02 (UC-156),Neuation / Accumax,Rotors & Buckets,,unit,31761,,,
IFUGE L1000,IFUGE L1000,Neuation / Accumax,Centrifuges,,unit,118582,,,
LC02-L1000-140,ROTOR (ASS)_32X6 ML SWING OUT ROTOR_0140-00-0140_(L1000-140),Neuation / Accumax,Rotors & Buckets,,unit,27124,,,
LC02-L1000-147,ROTOR (ASS)_4X50 ML FIX ANGLE COMMAN ROTOR_0140-00-0147_(L1000-147),Neuation / Accumax,Rotors & Buckets,,unit,8456,,,
LC02-L1000-146,ROTOR (ASS)_4X100 ML FIX ANGLE COMMAN ROTOR_0140-00-0146_(L1000-146),Neuation / Accumax,Rotors & Buckets,,unit,17714,,,
LC02-L1000-149,ROTOR (ASS)_24X15 ML FIX ANGLE COMMAN ROTOR_0140-00-0149_(L1000-149),Neuation / Accumax,Rotors & Buckets,,unit,21264,,,
LC02-L1000-139,ROTOR (ASS)_16X15 ML SWING OUT ROTOR_0134-00-0139_L1000 (L1000-139),Neuation / Accumax,Rotors & Buckets,,unit,15054,,,
LC02-L1000-141,ROTOR (ASS)_4X50 ML SWING OUT ROTOR_0140-00-0141_(L1000-141),Neuation / Accumax,Rotors & Buckets,,unit,10792,,,
LC02-L1000-156,ROTOR (ASS)_4X100 ML SWING OUT ROTOR_0140-00-0156_(L1000-156),Neuation / Accumax,Rotors & Buckets,,unit,33166,,,
LC02-L1000-142,ROTOR (ASS)_4X100 ML SWING OUT ROTOR_0140-00-0142_(L1000-142),Neuation / Accumax,Rotors & Buckets,,unit,18074,,,
ISWIX JR.,ISWIX JR.,Neuation / Accumax,Other,,unit,10122,,,
ISWIX JR. VT,ISWIX JR. VT,Neuation / Accumax,Other,,unit,12816,,,
ISWIX JR. NXT,ISWIX JR. NXT,Neuation / Accumax,Other,,unit,5647,,,
ISWIX JR. VT NXT,ISWIX JR. VT NXT,Neuation / Accumax,Other,,unit,5772,,,
ISWIX FS,ISWIX FS,Neuation / Accumax,Other,,unit,10892,,,
ISWIX,ISWIX,Neuation / Accumax,Other,,unit,14097,,,
ISWIX VT,ISWIX VT,Neuation / Accumax,Other,,unit,18041,,,
VM-A1,0201-00-0000-0-028_UN_ATTACH_PL_PPGF_3 (VM-A1),Neuation / Accumax,Other,,unit,1343,,,
VM-A2,0201-00-0000-0-033_FOAM MICRO TUBE_PE FOAM (VM-A2),Neuation / Accumax,Other,,unit,1343,,,
VM-A3,0201-00-0000-0-031_FOAM_MICRO PLATE_PE FOAM (VM-A3),Neuation / Accumax,Other,,pack,2013,,,
VM-A4,0201-00-0000-0-034_FLASK_HOLD_RB_NI_3 (VM-A4),Neuation / Accumax,Bottles & Carboys,,unit,2013,,,
VM-A6,VORTEX ROUND DISK ATTACHMENT (VM-A6),Neuation / Accumax,Lab Equipment,,unit,1921,,,
VM-A7,0201-00-0000-0-030_STD_ATT_N_PRO_PL_TPE-H_14 (VM-A7),Neuation / Accumax,Other,,unit,2013,,,
VM-A8,0201-00-0500_CIRCULAR ATTACHEMENT ASLY_RUBBER_R1,Neuation / Accumax,Other,,unit,2013,,,
ISWIX MV,ISWIX MV,Neuation / Accumax,Other,,unit,112550,,,
VM-M1,0205-00-0000-0-028_50 ML TUBE FOAM (VM-M1),Neuation / Accumax,Tubes & Vials,,unit,5370,,,
VM-M2,0205-00-0000-0-027_15 ML TUBE FOAM (VM-M2),Neuation / Accumax,Tubes & Vials,,unit,5630,,,
VM-M3,0205-00-0000-0-022_7 ML TUFE FOAM (VM-M3),Neuation / Accumax,Other,,unit,5630,,,
VM-M4,0205-00-0000-0-029_250 ML FLASK FOAM (VM-M4),Neuation / Accumax,Bottles & Carboys,,unit,5904,,,
VM-M6,0205-00-0000-0-050_2-1.5ML TUBE FOAM (VM-M6),Neuation / Accumax,Tubes & Vials,,unit,5904,,,
VM-M7,0205-00-0000-0-051_50ML HORIZONTAL TUBE FOAM (VM-M7),Neuation / Accumax,Tubes & Vials,,unit,5630,,,
IROLL RNR4,IROLL RNR4 (220V),Neuation / Accumax,Tube Rollers,,unit,13053,,,
IROLL RNR6,IROLL RNR6 (2.0),Neuation / Accumax,Tube Rollers,,unit,29462,,,
IROLL DR24,IROLL DR 24,Neuation / Accumax,Tube Rollers,,unit,40276,,,
D1-50,ATTECHMENT(ASS)DR24_12 X 50ML CLAMP (DR01 D1),Neuation / Accumax,Rotors & Buckets,,unit,7260,,,
D2-50,ACCESSORIES - DR01-D2 = DISK ROTATOR WITH CLAMP SET 24 X 15 ML,Neuation / Accumax,Other,,unit,6538,,,
D3-05,ATTECHMENT(ASS)DR24_44 X 2ML CLAMP (DR01 D3),Neuation / Accumax,Rotors & Buckets,,unit,7260,,,
IROLL PR35,IROLL PR 35,Neuation / Accumax,Tube Rollers,,unit,44304,,,
P1-50,50 ML TUBE TRAY (ASS)_0245-00-04 (PR01 P1),Neuation / Accumax,Rotors & Buckets,,unit,7260,,,
P2-15,15 ML TUBE TRAY (ASS)_0245-00-03 (PR01 P2),Neuation / Accumax,Rotors & Buckets,,unit,6538,,,
P3-05,2_5 ML TUBE TRAY (ASS)_0245-00-05 (PR01 P3),Neuation / Accumax,Rotors & Buckets,,unit,7260,,,
ISTIR UNO,ISTIR UNO CAPP WHITE,Neuation / Accumax,Other,,unit,14170,,,
ISTIR QUATTRO,ISTIR QUATTRO,Neuation / Accumax,Other,,unit,30189,,,
ISTIR 50L,ISTIR 50L(-) (2.0),Neuation / Accumax,Other,,unit,38736,,,
ISTIR 100L,ISTIR 100L(-) (2.0),Neuation / Accumax,Other,,unit,39158,,,
ISTIR 200L,ISTIR 200L(-) (2.0),Neuation / Accumax,Other,,unit,41531,,,
ISTIR MS10,ISTIR MS10 (220 V),Neuation / Accumax,Other,,unit,13840,,,
ISTIR MS10A,ISTIR MS10A (220 V),Neuation / Accumax,Other,,unit,11534,,,
ISTIR HP320,ISTIR HP 320 (220 V),Neuation / Accumax,Other,,unit,28554,,,
ISTIR HP320A,ISTIR HP 320A (220 V) DOUBLE KNOB,Neuation / Accumax,Other,,unit,20948,,,
S1 (FOR HP 550)/PRIME S2 (FOR HP 320),PT 1000 (STAND ASS)_HPS 350/550 (HS10/20 S1),Neuation / Accumax,Rotors & Buckets,,unit,1130,,,
T1 (FOR HP 550)/PRIME T2 (FOR HP 320),0311-00-0201-0-051_PT1000 SENSOR (HS10/20 T1+T2),Neuation / Accumax,Other,,unit,2547,,,
QP,0341-00-0000-0-010_CARRYING_PLATE (HS10/20 QP),Neuation / Accumax,Other,,pack,5474,,,
Q20,0341-00-0000-0-002_4X20ML_QUARTER_BLOCK (HS10/20 Q20),Neuation / Accumax,Other,,unit,4303,,,
Q30,0341-00-0000-0-001_4X30ML_QUARTER_BLOCK (HS10/20 Q30),Neuation / Accumax,Other,,unit,4303,,,
Q16,0341-00-0000-0-003_7X16ML_QUARTER_BLOCK (HS10/20 Q16),Neuation / Accumax,Other,,unit,4661,,,
Q8,0341-00-0000-0-004_10X8ML_QUARTER_BLOCK (HS10/20 Q08),Neuation / Accumax,Other,,unit,5164,,,
Q4,0341-00-0000-0-005_12X4ML_QUARTER_BLOCK (HS10/20 Q04),Neuation / Accumax,Other,,unit,5164,,,
RB50,0341-00-0000-0-011_50ML _REACTION_BLOCK (HS10/20 RB50),Neuation / Accumax,Other,,unit,7745,,,
RB100,0341-00-0000-0-008_100ML _REACTION_BLOCK (HS10/20 RB100),Neuation / Accumax,Other,,unit,7745,,,
RB250,0341-00-0000-0-007_250ML_REACTION_BLOCK (HS10/20 RB250),Neuation / Accumax,Other,,unit,7745,,,
RB500,0341-00-0000-0-006_500ML _REACTION_BLOCK (HS10/20 RB500),Neuation / Accumax,Other,,unit,7745,,,
HP380A,ISTIR HP 380A,Neuation / Accumax,Other,,unit,27615,,,
HP450A,ISTIR HP 450A,Neuation / Accumax,Other,,unit,39139,,,
ISTIR HP550 PRIME,ISTIR HP 550 PRIME,Neuation / Accumax,Other,,unit,47429,,,
ISTIR HP 350 PRIME,ISTIR HP 350 PRIME,Neuation / Accumax,Other,,unit,47429,,,
ISTIR HP 5M,ISTIR HP 5M (220 V),Neuation / Accumax,Other,,unit,53736,,,
ISTIR HP 10M,ISTIR HP 10M (220 V),Neuation / Accumax,Other,,unit,75604,,,
ISTIR HP 15M,ISTIR HP 15M (220 V),Neuation / Accumax,Other,,unit,107054,,,
ISTIR OH 20 PRIME,ISTIR OH 20P,Neuation / Accumax,Other,,unit,43036,,,
ISTIR OH 40 PRIME,ISTIR OH 40P,Neuation / Accumax,Other,,unit,45013,,,
ISTIR OH 75 ELITE,ISTIR OH 75E,Neuation / Accumax,Other,,unit,74272,,,
ISTIR OH 15 PRIME,ISTIR OH 15P,Neuation / Accumax,Other,,unit,29051,,,
ITHERM D150-1,ITHERM D150-1 (2.0) SINGLE BLOCK,Neuation / Accumax,Other,,unit,18769,,,
ITHERM D150-4,ITHERM D150-4,Neuation / Accumax,Other,,unit,50986,,,
DB02-B1,0601-00-0104-0-021_HEATING_BLOCK (DB01 B1),Neuation / Accumax,Other,,unit,9490,,,
DB02-B2,0601-00-0104-0-010_1.5ML HEATING BLOCK (DB01 B2),Neuation / Accumax,Other,,unit,9490,,,
DB02-B3,15 ML HEATING BLOCK (DB01 B3),Neuation / Accumax,Other,,unit,9490,,,
DB02-B4,50 ML HEATING BLOCK (DB01 B4),Neuation / Accumax,Other,,unit,9490,,,
DB02-B5,0601-00-0104-0-047_10MM_RB_HTNG_BLK_66MM,Neuation / Accumax,Other,,unit,8785,,,
DB02-BB,0602-00-0102-0-015_BEAD_BLOCK_AL,Neuation / Accumax,Other,,unit,9490,,,
BLOCK LIFTER,0601-00-0000-0-034_BLOCK LIFTER,Neuation / Accumax,Other,,unit,260,,,
DB01-B - SS METAL BEADS,SS 304 METAL BEADS_3.2MM,Neuation / Accumax,Other,,unit,5342,,,
ITHERM CH25,ITHERM CH25,Neuation / Accumax,Other,,unit,64181,,,
IRUPT 24P,IRUPT 24P,Neuation / Accumax,Homogenizers,,unit,324508,,,
CH01-TA1,2 ML TUBE CARRIAGE KIT (ASS)_0261-00-0500 (CH01 TA1),Neuation / Accumax,Rotors & Buckets,,unit,9908,,,
CH01-TA3,7 ML ROTOR KIT_0261-00-0600(FOR I RUPT 24P) - (CH01 TA3),Neuation / Accumax,Rotors & Buckets,,unit,12730,,,
IRUPT JR.,IRUPT JR.,Neuation / Accumax,Homogenizers,,unit,58092,,,
CH01-A01,0261-00-0400-0-057_2 ML TUBE (CH01 A01),Neuation / Accumax,Tubes & Vials,,unit,27,,,
CH01-A02,0261-00-0400-0-058_0.4-0.6 MM GLASS BEADS (CH01 A02),Neuation / Accumax,Other,,unit,27491,,,
CH01-A03,0261-00-0400-0-059_0.8-1.2 MM GLASS BEADS (CH01 A03),Neuation / Accumax,Other,,unit,27491,,,
CH01-A04,0261-00-0400-0-060_2.5-3.0 MM GLASS BEADS (CH01 A04),Neuation / Accumax,Other,,unit,27491,,,
CH01-A05,0261-00-0400-0-064_1.0-1.2 MM YTZP(94%) BEADS (CH01 A05),Neuation / Accumax,Other,,unit,54696,,,
CH01-A06,0261-00-0400-0-065_1.4-1.7 MM YTZP(94%) BEADS (CH01 A06),Neuation / Accumax,Other,,unit,54696,,,
CH01-A07,0261-00-0400-0-066_2.6-3.3 MM YTZP(94%) BEADS (CH01 A07),Neuation / Accumax,Other,,unit,54696,,,
CH01-A08,0261-00-0400-0-068_2MM SS BEADS (CH01 A08),Neuation / Accumax,Other,,unit,54696,,,
CH01-A09,0261-00-0400-0-067_3 MM SS BEADS (CH01 A09),Neuation / Accumax,Other,,unit,54696,,,
ISHAK BL UNO VT,ISHAK BL UNO VT WITHOUT USB,Neuation / Accumax,Other,,unit,14258,,,
ISHAK QUATTRO NXT,ISHAK QUATTRO (2.0),Neuation / Accumax,Other,,unit,30310,,,
ISHAK TS4 NXT,ISHAK TS4 NXT,Neuation / Accumax,Other,,unit,74784,,,
ISHAK 3D-5 NXT,ISHAK 3D-5 (2.0),Neuation / Accumax,Other,,unit,40097,,,
STICKY PAD MAT,0225-00-0102-0-060_SILICON STICKY MAT ( SH03 M3-2),Neuation / Accumax,Other,,unit,1673,,,
ISHAK PS 10 NXT,ISHAK PS 10 NXT,Neuation / Accumax,Other,,unit,65908,,,
DA-01,ATTECHMENT(ASS)7.5_DISK ATTECHMENT (SH01 DA-01),Neuation / Accumax,Rotors & Buckets,,unit,6974,,,
ISHAK PS 20 NXT,ISHAK PS 20 NXT,Neuation / Accumax,Other,,unit,65908,,,
UA-01,UNIVERSAL ATTACHMENT_7.5 (SH01 UA-01),Neuation / Accumax,Other,,unit,8055,,,
ISHAK US15,ISHAK US 15,Neuation / Accumax,Other,,unit,148293,,,
UA-15,UNIVERSAL ATTACHMENT_15 KGS (SH02 UA-15),Neuation / Accumax,Other,,unit,43633,,,
SSP-250,0251-00-0113-0-109_SS_TRAY_250ML (SH02 SSP-250),Neuation / Accumax,Other,,unit,23494,,,
SC-100,0231-00-0131-0-111_100ML SS CLAMP WITH SPRING (SH01//SH02 SC-100),Neuation / Accumax,Other,,unit,870,,,
SC-1000,0231-00-0136-0-115_1000ML CLAMP PLATE (SH01//SH02 SC-1000),Neuation / Accumax,PCR & Plates,,pack,1915,,,
SC-150,0231-00-0132-0-112_150ML CLAMP PLATE (SH01//SH02 SC-150),Neuation / Accumax,PCR & Plates,,pack,1045,,,
SC-250,0231-00-0133-0-113_250ML SS CLAMP WITH SPRING (SH01/SH02 SC-250),Neuation / Accumax,Other,,unit,1045,,,
SC-500,0231-00-0134-0-114_500ML SS CLAMP WITH SPRING (SH01//SH02 SC-500),Neuation / Accumax,Other,,unit,1565,,,
SH01-SSP- 250,0231-00-0117-0-70_SS CLAMP TRAY (SH01 SSP-250),Neuation / Accumax,Other,,unit,5930,,,
SH02-SSP- 500,0251-00-0114-0-110_SS_TRAY_500ML (SH02 SSP-500),Neuation / Accumax,Other,,unit,23557,,,
SSP-500,0231-00-0118-0-72_SS CLAP TRAY (SH01 SSP-500),Neuation / Accumax,Other,,unit,5930,,,
PCM-035,MAG_BAR-CYLINDRICAL TYPE_SIZE:3*5MM,Neuation / Accumax,Other,,unit,70,,,
PCM-1070,MAG_BAR-CYLINDRICAL TYPE_SIZE:10*70MM,Neuation / Accumax,Other,,unit,577,,,
PCM-310,MAG_BAR-CYLINDRICAL TYPE_SIZE:3*10MM,Neuation / Accumax,Other,,unit,74,,,
PCM-610,MAG_BAR-CYLINDRICAL TYPE_SIZE:6*10MM,Neuation / Accumax,Other,,unit,84,,,
PCM-620,MAG_BAR-CYLINDRICAL TYPE_SIZE:6*20MM,Neuation / Accumax,Other,,unit,117,,,
PCM-630,MAG_BAR-CYLINDRICAL TYPE_SIZE:6*30MM,Neuation / Accumax,Other,,unit,151,,,
PCM-815,MAG_BAR-CYLINDRICAL TYPE_SIZE:8*15MM,Neuation / Accumax,Other,,unit,132,,,
PCM-825,MAG_BAR-CYLINDRICAL TYPE_SIZE:8*25MM,Neuation / Accumax,Other,,unit,201,,,
PCM-840,MAG_BAR-CYLINDRICAL TYPE_SIZE:8*40MM,Neuation / Accumax,Other,,unit,293,,,
PCM-850,MAG_BAR-CYLINDRICAL TYPE_SIZE:8*50MM,Neuation / Accumax,Other,,unit,347,,,
POB-1025,MAG_BAR-OVAL TYPE_SIZE:10*25MM,Neuation / Accumax,Other,,unit,173,,,
POB-1030,MAG_BAR-OVAL TYPE_SIZE:10*30MM,Neuation / Accumax,Other,,unit,203,,,
POB-1535,MAG_BAR-OVAL TYPE_SIZE:15*35MM,Neuation / Accumax,Other,,unit,293,,,
POB-1750,MAG_BAR-OVAL TYPE_SIZE:17*50MM,Neuation / Accumax,Other,,unit,466,,,
POB-510,MAG_BAR-OVAL TYPE_SIZE:5*10MM,Neuation / Accumax,Other,,unit,74,,,
POB-715,MAG_BAR-OVAL TYPE_SIZE:7*15MM,Neuation / Accumax,Other,,unit,94,,,
POM-815,MAG_BAR-OCATGONAL_SIZE:8*15MM,Neuation / Accumax,Other,,unit,134,,,
POM-825,MAG_BAR-OCATGONAL_SIZE:8*25MM,Neuation / Accumax,Other,,unit,246,,,
POM-840,MAG_BAR-OCATGONAL_SIZE:8*40MM,Neuation / Accumax,Other,,unit,173,,,
POM-850,MAG_BAR-OCATGONAL_SIZE:8*50MM,Neuation / Accumax,Other,,unit,203,,,
POM-875,MAG_BAR-OCATGONAL_SIZE:8*75MM,Neuation / Accumax,Other,,unit,759,,,
POM-930,MAG_BAR-OCATGONAL_SIZE:9*30MM,Neuation / Accumax,Other,,unit,320,,,
PRB-200,MAG_BAR_RETRIEVER-SIZE:200MM,Neuation / Accumax,Other,,unit,733,,,
PRB-300,MAG_BAR_RETRIEVER-SIZE:300MM,Neuation / Accumax,Other,,unit,932,,,
PRP-1030,MAG_BAR-PIVOT RING TYPE_SIZE:10*30MM,Neuation / Accumax,Other,,unit,308,,,
PRP-1050,MAG_BAR-PIVOT RING TYPE_SIZE:10*50MM,Neuation / Accumax,Other,,unit,462,,,
PRP-1060,MAG_BAR-PIVOT RING TYPE_SIZE:10*60MM,Neuation / Accumax,Other,,unit,524,,,
PRP-1255,MAG_BAR-PIVOT RING TYPE_SIZE:12*55MM,Neuation / Accumax,Other,,unit,702,,,
PRP-16100,MAG_BAR-PIVOT RING TYPE_SIZE:16*100MM,Neuation / Accumax,Other,,unit,1740,,,
PRP-612,MAG_BAR-PIVOT RING TYPE_SIZE:6*12MM,Neuation / Accumax,Other,,unit,94,,,
PRP-816,MAG_BAR-PIVOT RING TYPE_SIZE:8*16MM,Neuation / Accumax,Other,,unit,145,,,
PRP-825,MAG_BAR-PIVOT RING TYPE_SIZE:8*25MM,Neuation / Accumax,Other,,unit,203,,,
PRP-830,MAG_BAR-PIVOT RING TYPE_SIZE:8*30MM,Neuation / Accumax,Other,,unit,232,,,
PRP-845,MAG_BAR-PIVOT RING TYPE_SIZE:8*45MM,Neuation / Accumax,Other,,unit,259,,,
PRP-848,MAG_BAR-PIVOT RING TYPE_SIZE:8*48MM,Neuation / Accumax,Other,,unit,293,,,
FA-01,ATTECHMENT(ASS)7.5_FUNNEL ATTECHMENT (SH01 FA-01),Neuation / Accumax,Rotors & Buckets,,unit,14171,,,
OHA-R01,IMPELLERS_0351-00-0600_CROSS-WELDED IMPELLER_50X12X550MM (OHS R01),Neuation / Accumax,Other,,unit,3467,,,
OHS- R05,IMPELLERS_0352-00-1000_PIVOTING BLADE IMPELLER_60X15X550MM (OHS R05),Neuation / Accumax,Other,,unit,4028,,,
OHS1-HBPH - Bosshead Clamp,BOSSHEAD 25X14 (ASS)_0354-00-4003-0-007_ROUND_BOSSHEAD_DIA25X14,Neuation / Accumax,Rotors & Buckets,,unit,4346,,,
OHS1-PBH - Bosshead Clamp,0351-00-2001_ROUND_BOSSHEAD_DIA_16X14,Neuation / Accumax,Other,,unit,4482,,,
OHS1-PS-1000,0351-00-3002-PLATE_STAND_200X315X1000_(PS-1000),Neuation / Accumax,Other,,pack,13746,,,
OHS1-PS-560,0351-00-3000-PLATE_STAND_200X315X560_(PS-560),Neuation / Accumax,Other,,pack,11713,,,
OHS1-PS-800,0351-00-3001-PLATE_STAND_200X315X800_(PS-800),Neuation / Accumax,Other,,pack,12657,,,
OHS-A01,IMPELLERS_0351-00-2700_PROPELLER IMPELLER_50X8X550MM (OHS A01),Neuation / Accumax,Other,,unit,2378,,,
OHS-A02,IMPELLERS_0352-00-2500_PROPELLER IMPELLER_100X15X550MM (OHS A02),Neuation / Accumax,Other,,unit,4028,,,
OHS-A03,IMPELLERS_0354-00-2600_PROPELLER IMPELLER_130X15X800MM (OHS A03),Neuation / Accumax,Other,,unit,5677,,,
OHS-C1,0354-00-0000-0-025_95LTS TYPE A 15MM PARALLEL MOUNT (OHS C1),Neuation / Accumax,Other,,unit,6693,,,
OHS-C2,0362-00-0000-0-045_KEYLESS_CHUCK,Neuation / Accumax,Other,,unit,8211,,,
OHS-C3,0362-00-0000-0-047_10MM_FIX_PUSH_THROUGH_COLLET,Neuation / Accumax,Other,,unit,1076,,,
OHS-CC,0362-00-0000-0-046_OHS_SILICON_COVER,Neuation / Accumax,Other,,unit,179,,,
OHS-HBH Bosshead,0354-00-4002-ROUND_BOSSHEAD_DIA25X16_HBH-BOSS HEAD (H STAND STAND),Neuation / Accumax,Other,,unit,5366,,,
OHS-HS - H Stand,0354-00-4000-H_STAND_(HS=H-STAND)(WITHOUT BOSSHEAD CLAMP),Neuation / Accumax,Other,,unit,27157,,,
OHS-R02,IMPELLERS_0351-00-0700_STRAIGHT_BLADE_IMPELLER_35X12X550MM (OHS R02),Neuation / Accumax,Other,,unit,3107,,,
OHS-R03,IMPELLERS_0352-00-0800_STRAIGHT BLADE IMPELLER_50X12X550MM (OHS R03),Neuation / Accumax,Other,,unit,3848,,,
OHS-R07,IMPELLERS_0352-00-1200_COLLAPSIBLE BLADE IMPELLER_80X10X550MM (OHS R07),Neuation / Accumax,Other,,unit,3657,,,
OHS-T02,IMPELLERS_0352-00-1400_SQUARE BLADE IMPELLER_38X38X550MM (OHS T02),Neuation / Accumax,Other,,unit,4207,,,
OHS-T03,IMPELLERS_0354-00-1500_SQUARE BLADE IMPELLER_70X70X800MM (OHS T03),Neuation / Accumax,Other,,unit,5498,,,
OHS-T05,IMPELLERS_0352-00-1700_ANCHOR BLADE IMPELLER_45X45X550MM (OHS T05),Neuation / Accumax,Other,,unit,4028,,,
OHS-T06,IMPELLERS_0354-00-1800_ANCHOR BLADE IMPELLER_90X80X800MM (OHS T06),Neuation / Accumax,Other,,unit,5857,,,
OHS-T08,IMPELLERS_0352-00-2000_PADDLE BLADE IMPELLER_70X70X550MM (OHS T08),Neuation / Accumax,Other,,unit,5307,,,
OHS-T09,IMPELLERS_0354-00-2100_PADDLE BLADE IMPELLER_70X70X800MM (OHS T09),Neuation / Accumax,Other,,unit,6228,,,
OHS-T10,IMPELLERS_0352-00-2200_PADDLE BLADE IMPELLER_70X80X550MM (OHS T10),Neuation / Accumax,Other,,unit,5307,,,
OHS-T11,IMPELLERS_0354-00-2300_PADDLE BLADE IMPELLER_70X80X800MM (OHS T11),Neuation / Accumax,Other,,unit,6228,,,
AT-10-B,AT-10-B (1000 TIPS X 40 PACKS),Neuation / Accumax,Pipette Tips,,pack,25622,,,
AT-10-S-B,AT-10-S-B (1000 TIPS X 40 PACKS),Neuation / Accumax,Pipette Tips,,pack,31173,,,
AT-10-F-B,AT-10-F-B (1000 TIPS X 40 PACKS),Neuation / Accumax,Pipette Tips,,pack,103719,,,
AT-10-S-L-B,AT-10-S-L-B (1000 TIPS X 40 PACKS),Neuation / Accumax,Pipette Tips,,pack,52384,,,
AT-10-S-F-B,AT-10-S-F-B (1000 TIPS X 40 PACKS),Neuation / Accumax,Pipette Tips,,pack,124098,,,
AT-10-S-L-F-B,AT-10-S-L-F-B (1000 TIPS X 40 PACKS),Neuation / Accumax,Pipette Tips,,pack,138371,,,
AT-10-R,AT-10-R (96 TIPS X 10 RACKS X 10 PACKS),Neuation / Accumax,Pipette Tips,,pack,23256,,,
AT-10-S-R,AT-10-S-R (96 TIPS X 10 RACKS X 10 PACKS),Neuation / Accumax,Pipette Tips,,pack,26266,,,
AT-10-F-R,AT-10-F-R (96 TIPS X 10 RACKS X 10 PACKS),Neuation / Accumax,Pipette Tips,,pack,30975,,,
AT-10-S-L-R,AT-10-S-L-R (96 TIPS X 10 RACKS X 10 PACKS),Neuation / Accumax,Pipette Tips,,pack,30294,,,
AT-10-S-F-R,AT-10-S-F-R (96 TIPS X 10 RACKS X 10 PACKS),Neuation / Accumax,Pipette Tips,,pack,46239,,,
AT-10-S-L-F-R,AT-10-S-L-F-R (96 TIPS X 10 RACKS X 10 PACKS),Neuation / Accumax,Pipette Tips,,pack,55867,,,
AT-10-K,AT-10-K (96 TIPS X 10 STACKS X 10 PACKS),Neuation / Accumax,Pipette Tips,,pack,17183,,,
AT-10-S-K,AT-10-S-K (96 TIPS X 10 STACKS X 10 PACKS),Neuation / Accumax,Pipette Tips,,pack,18386,,,
AT-10-S-L-K,AT-10-S-L-K (96 TIPS X 10 STACKS X 10 PACKS),Neuation / Accumax,Pipette Tips,,pack,24259,,,
AT-10-F-K,AT-10-F-K (96 TIPS X 10 RACKS X 10 PACKS),Neuation / Accumax,Pipette Tips,,pack,33932,,,
AT-10-S-F-K,AT-10-S-F-K (96 TIPS X 10 RACKS X 10 PACKS),Neuation / Accumax,Pipette Tips,,pack,36302,,,
AT-10-S-L-F-K,AT-10-S-L-F-K (96 TIPS X 10 RACKS X 10 PACKS),Neuation / Accumax,Pipette Tips,,pack,39933,,,
AT-10XL-B,AT-10XL-B (1000 TIPS X 40 PACKS),Neuation / Accumax,Pipette Tips,,pack,25572,,,
AT-10XL-S-B,AT-10XL-S-B (1000 TIPS X 40 PACKS),Neuation / Accumax,Pipette Tips,,pack,31173,,,
AT-10XL-F-B,AT-10XL-F-B (1000 TIPS X 40 PACKS),Neuation / Accumax,Pipette Tips,,pack,103719,,,
AT-10XL-S-L-B,AT-10XL-S-L-B (1000 TIPS X 40 PACKS),Neuation / Accumax,Pipette Tips,,pack,52384,,,
AT-10XL-S-F-B,AT-10XL-S-F-B (1000 TIPS X 40 PACKS),Neuation / Accumax,Pipette Tips,,pack,130293,,,
AT-10XL-S-L-F-B,AT-10XL-S-L-F-B (1000 TIPS X 40 PACKS),Neuation / Accumax,Pipette Tips,,pack,138371,,,
AT-10XL-R,AT-10XL-R (96 TIPS X 10 RACKS X 10 PACKS),Neuation / Accumax,Pipette Tips,,pack,23256,,,
AT-10XL-S-R,AT-10XL-S-R (96 TIPS X 10 RACKS X 10 PACKS),Neuation / Accumax,Pipette Tips,,pack,26266,,,
AT-10XL-F-R,AT-10XL-F-R (96 TIPS X 10 RACK X 10 PACKS),Neuation / Accumax,Pipette Tips,,pack,30975,,,
AT-10XL-S-L-R,AT-10XL-S-L-R (96 TIPS X 10 RACKS X 10 PACKS),Neuation / Accumax,Pipette Tips,,pack,30975,,,
AT-10XL-S-F-R,AT-10XL-S-F-R (96 TIPS X 10 RACK X 10 PACKS),Neuation / Accumax,Pipette Tips,,pack,46239,,,
AT-10XL-S-L-F-R,AT-10XL-S-L-F-R (96 TIPS X 10 RACK X 10 PACKS),Neuation / Accumax,Pipette Tips,,pack,55867,,,
AT-10XL-K,AT-10XL-K (96 TIPS X 10 STACKS X 10 PACKS),Neuation / Accumax,Pipette Tips,,pack,17183,,,
AT-10XL-S-K,AT-10XL-S-K (96 TIPS X 10 STACKS X 10 PACKS),Neuation / Accumax,Pipette Tips,,pack,18386,,,
AT-10XL-S-L-K,AT-10XL-S-L-K (96 TIPS X 10 STACKS X 10 PACKS),Neuation / Accumax,Pipette Tips,,pack,24259,,,
AT-10XL-F-K,AT-10XL-F-K (96 TIPS X 10 RACK X 10 PACKS),Neuation / Accumax,Pipette Tips,,pack,33932,,,
AT-10XL-S-F-K,AT-10XL-S-F-K (96 TIPS X 10 RACK X 10 PACKS),Neuation / Accumax,Pipette Tips,,pack,36302,,,
AT-10XL-S-L-F-K,AT-10XL-S-L-F-K (96 TIPS X 10 RACK X 10 PACKS),Neuation / Accumax,Pipette Tips,,pack,39933,,,
AT-10XN-B,AT-10XN-B (1000 TIPS X 40 PACKS),Neuation / Accumax,Pipette Tips,,pack,25572,,,
AT-10XN-S-B,AT-10XN-S-B (1000 TIPS X 40 PACKS),Neuation / Accumax,Pipette Tips,,pack,31173,,,
AT-10XN-F-B,AT-10XN-F-B (1000 TIPS X 40 PACKS),Neuation / Accumax,Pipette Tips,,pack,103719,,,
AT-10XN-S-L-B,AT-10XN-S-L-B (1000 TIPS X 40 PACKS),Neuation / Accumax,Pipette Tips,,pack,52384,,,
AT-10XN-S-F-B,AT-10XN-S-F-B (1000 TIPS X 40 PACKS),Neuation / Accumax,Pipette Tips,,pack,130293,,,
AT-10XN-S-L-F-B,AT-10XN-S-L-F-B (1000 TIPS X 40 PACKS),Neuation / Accumax,Pipette Tips,,pack,144269,,,
AT-10XN-R,AT-10XN-R (96 TIPS X 10 RACK X 10 PACKS),Neuation / Accumax,Pipette Tips,,pack,23256,,,
AT-10XN-S-R,AT-10XN-S-R (96 TIPS X 10 RACK X 10 PACKS),Neuation / Accumax,Pipette Tips,,pack,26266,,,
AT-10XN-F-R,AT-10XN-F-R (96 TIPS X 10 RACK X 10 PACKS),Neuation / Accumax,Pipette Tips,,pack,30975,,,
AT-10XN-S-L-R,AT-10XN-S-L-R (96 TIPS X 10 RACK X 10 PACKS),Neuation / Accumax,Pipette Tips,,pack,30975,,,
AT-10XN-S-F-R,AT-10XN-S-F-R (96 TIPS X 10 RACK X 10 PACKS),Neuation / Accumax,Pipette Tips,,pack,46239,,,
AT-10XN-S-L-F-R,AT-10XN-S-L-F-R (96 TIPS X 10 RACK X 10 PACKS),Neuation / Accumax,Pipette Tips,,pack,55867,,,
AT-10XN-K,AT-10XN-K (96 TIPS X 10 STACKS X 10 PACKS),Neuation / Accumax,Pipette Tips,,pack,17183,,,
AT-10XN-S-K,AT-10XN-S-K (96 TIPS X 10 STACKS X 10 PACKS),Neuation / Accumax,Pipette Tips,,pack,18386,,,
AT-10XN-S-L-K,AT-10XN-S-L-K (96 TIPS X 10 STACKS X 10 PACKS),Neuation / Accumax,Pipette Tips,,pack,24259,,,
AT-10XN-F-K,AT-10XN-F-K (96 TIPS X 10 RACK X 10 PACKS),Neuation / Accumax,Pipette Tips,,pack,33932,,,
AT-10XN-S-F-K,AT-10XN-S-F-K (96 TIPS X 10 RACK X 10 PACKS),Neuation / Accumax,Pipette Tips,,pack,36302,,,
AT-10XN-S-L-F-K,AT-10XN-S-L-F-K (96 TIPS X 10 RACK X 10 PACKS),Neuation / Accumax,Pipette Tips,,pack,39933,,,
AT-10XN-E-R,AT-10 XN-E-R (10 RACKS X 10 PACKS),Neuation / Accumax,Other,,pack,15487,,,
AT-20-F-B,AT-20-F-B (1000 TIPS X 20 PACKS),Neuation / Accumax,Pipette Tips,,pack,61355,,,
AT-20-S-F-B,AT-20-S-F-B (1000 TIPS X 20 PACKS),Neuation / Accumax,Pipette Tips,,pack,65394,,,
AT-20-S-L-F-B,AT-20-S-L-F-B (1000 TIPS X 20 PACKS),Neuation / Accumax,Pipette Tips,,pack,69408,,,
AT-20-F-R,AT-20-F-R (96 TIPS X 10 RACK X 10 PACKS),Neuation / Accumax,Pipette Tips,,pack,41816,,,
AT-20-S-F-R,AT-20-S-F-R (96 TIPS X 10 RACK X 10 PACKS),Neuation / Accumax,Pipette Tips,,pack,45843,,,
AT-20-S-L-F-R,AT-20-S-L-F-R (96 TIPS X 10 RACK X 10 PACKS),Neuation / Accumax,Pipette Tips,,pack,56387,,,
AT-20-F-K,AT-20-F-K (96 TIPS X 10 RACK X 10 PACKS),Neuation / Accumax,Pipette Tips,,pack,33932,,,
AT-20-S-F-K,AT-20-S-F-K (96 TIPS X 10 RACK X 10 PACKS),Neuation / Accumax,Pipette Tips,,pack,40305,,,
AT-20-S-L-F-K,AT-20-S-L-F-K (96 TIPS X 10 RACK X 10 PACKS),Neuation / Accumax,Pipette Tips,,pack,44331,,,
AT-50-F-B,AT-50-F-B (1000 TIPS X 20 PACKS),Neuation / Accumax,Pipette Tips,,pack,58431,,,
AT-50-S-F-B,AT-50-S-F-B (1000 TIPS X 20 PACKS),Neuation / Accumax,Pipette Tips,,pack,68392,,,
AT-50-S-L-F-B,AT-50-S-L-F-B (1000 TIPS X 20 PACKS),Neuation / Accumax,Pipette Tips,,pack,69408,,,
AT-50-F-R,AT-50-F-R (96 TIPS X 10 RACK X 10 PACKS),Neuation / Accumax,Pipette Tips,,pack,41816,,,
AT-50-S-F-R,AT-50-S-F-R (96 TIPS X 10 RACK X 10 PACKS),Neuation / Accumax,Pipette Tips,,pack,46710,,,
AT-50-S-L-F-R,AT-50-S-L-F-R (96 TIPS X 10 RACK X 10 PACKS),Neuation / Accumax,Pipette Tips,,pack,56387,,,
AT-50-F-K,AT-50-F-K (96 TIPS X 10 RACK X 10 PACKS),Neuation / Accumax,Pipette Tips,,pack,33932,,,
AT-50-S-F-K,AT-50-S-F-K (96 TIPS X 10 RACK X 10 PACKS),Neuation / Accumax,Pipette Tips,,pack,40305,,,
AT-50-S-L-F-K,AT-50-S-L-F-K (96 TIPS X 10 RACK X 10 PACKS),Neuation / Accumax,Pipette Tips,,pack,44331,,,
AT-100-F-B,AT-100-F-B (1000 TIPS X 20 PACKS),Neuation / Accumax,Pipette Tips,,pack,61355,,,
AT-100-S-F-B,AT-100-S-F-B (1000 TIPS X 20 PACKS),Neuation / Accumax,Pipette Tips,,pack,65394,,,
AT-100-S-L-F-B,AT-100-S-L-F-B (1000 TIPS X 20 PACKS),Neuation / Accumax,Pipette Tips,,pack,69408,,,
AT-100-F-R,AT-100-F-R (96 TIPS X 10 RACK X 10 PACKS),Neuation / Accumax,Pipette Tips,,pack,41816,,,
AT-100-S-F-R,AT-100-S-F-R (96 TIPS X 10 RACK X 10 PACKS),Neuation / Accumax,Pipette Tips,,pack,46710,,,
AT-100-S-L-F-R,AT-100-S-L-F-R (96 TIPS X 10 RACK X 10 PACKS),Neuation / Accumax,Pipette Tips,,pack,56387,,,
AT-100-F-K,AT-100-F-K (96 TIPS X 10 RACK X 10 PACKS),Neuation / Accumax,Pipette Tips,,pack,33932,,,
AT-100-S-F-K,AT-100-S-F-K (96 TIPS X 10 RACK X 10 PACKS),Neuation / Accumax,Pipette Tips,,pack,40305,,,
AT-100-S-L-F-K,AT-100-S-L-F-K (96 TIPS X 10 RACK X 10 PACKS),Neuation / Accumax,Pipette Tips,,pack,44331,,,
AT-200-B,AT-200-B (1000 TIPS X 20 PACKS),Neuation / Accumax,Pipette Tips,,pack,11040,,,
AT-200-S-B,AT-200-S-B (1000 TIPS X 20 PACKS),Neuation / Accumax,Pipette Tips,,pack,13876,,,
AT-200-F-B,AT-200-F-B (1000 TIPS X 20 PACKS),Neuation / Accumax,Pipette Tips,,pack,61355,,,
AT-200-S-L-B,AT-200-S-L-B (1000 TIPS X 20 PACKS),Neuation / Accumax,Pipette Tips,,pack,26192,,,
AT-200-S-F-B,AT-200-S-F-B (1000 TIPS X 20 PACKS),Neuation / Accumax,Pipette Tips,,pack,68392,,,
AT-200-S-L-F-B,AT-200-S-L-F-B (1000 TIPS X 20 PACKS),Neuation / Accumax,Pipette Tips,,pack,69408,,,
AT-200-R,AT-200-R (96 TIPS X 10 RACK X 10 PACKS),Neuation / Accumax,Pipette Tips,,pack,24780,,,
AT-200-S-R,AT-200-S-R (96 TIPS X 10 RACK X 10 PACKS),Neuation / Accumax,Pipette Tips,,pack,26712,,,
AT-200-F-R,AT-200-F-R (96 TIPS X 10 RACK X 10 PACKS),Neuation / Accumax,Pipette Tips,,pack,41816,,,
AT-200-S-L-R,AT-200-S-L-R (96 TIPS X 10 RACK X 10 PACKS),Neuation / Accumax,Pipette Tips,,pack,38892,,,
AT-200-S-F-R,AT-200-S-F-R (96 TIPS X 10 RACK X 10 PACKS),Neuation / Accumax,Pipette Tips,,pack,46710,,,
AT-200-S-L-F-R,AT-200-S-L-F-R (96 TIPS X 10 RACK X 10 PACKS),Neuation / Accumax,Pipette Tips,,pack,56387,,,
AT-200-K,AT-200-K (96 TIPS X 10 STACKS X 10 PACKS),Neuation / Accumax,Pipette Tips,,pack,17183,,,
AT-200-S-K,AT-200-S-K (96 TIPS X 10 STACKS X 10 PACKS),Neuation / Accumax,Pipette Tips,,pack,22698,,,
AT-200-F-K,AT-200-F-K (96 TIPS X 10 RACK X 10 PACKS),Neuation / Accumax,Pipette Tips,,pack,33932,,,
AT-200-S-F-K,AT-200-S-F-K (96 TIPS X 10 RACK X 10 PACKS),Neuation / Accumax,Pipette Tips,,pack,40305,,,
AT-200-S-L-F-K,AT-200-S-L-F-K (96 TIPS X 10 RACK X 10 PACKS),Neuation / Accumax,Pipette Tips,,pack,44331,,,
AT-200-S-L-K,AT-200-S-L-K (96 TIPS X 10 STACKS X 10 PACKS),Neuation / Accumax,Pipette Tips,,pack,24705,,,
AT-1000-B,AT-1000-B (1000 TIPS X 10 PACKS),Neuation / Accumax,Pipette Tips,,pack,8162,,,
AT-1000-S-B,AT-1000-S-B (1000 TIPS X 10 PACKS),Neuation / Accumax,Pipette Tips,,pack,12378,,,
AT-1000-F-B,AT-1000-F-B (1000 TIPS X 10 PACKS),Neuation / Accumax,Pipette Tips,,pack,36538,,,
AT-1000-S-L-B,AT-1000-S-L-B (1000 TIPS X 10 PACKS),Neuation / Accumax,Pipette Tips,,pack,18424,,,
AT-1000-S-F-B,AT-1000-S-F-B (1000 TIPS X 10 PACKS),Neuation / Accumax,Pipette Tips,,pack,38892,,,
AT-1000-S-L-F-B,AT-1000-S-L-F-B (1000 TIPS X 10 PACKS),Neuation / Accumax,Pipette Tips,,pack,45608,,,
AT-1000-R,AT-1000-R (96 TIPS X 6 RACKS X 10 PACKS),Neuation / Accumax,Pipette Tips,,pack,16813,,,
AT-1000-S-R,AT-1000-S-R (96 TIPS X 6 RACKS X 10 PACKS),Neuation / Accumax,Pipette Tips,,pack,19526,,,
AT-1000-F-R,AT-1000-F-R (96 TIPS X 6 RACKS X 10 PACKS),Neuation / Accumax,Pipette Tips,,pack,28893,,,
AT-1000-S-L-R,AT-1000-S-L-R (96 TIPS X 6 RACKS X 10 PACKS),Neuation / Accumax,Pipette Tips,,pack,23144,,,
AT-1000-S-F-R,AT-1000-S-F-R (96 TIPS X 6 RACKS X 10 PACKS),Neuation / Accumax,Pipette Tips,,pack,32920,,,
AT-1000-S-L-F-R,AT-1000-S-L-F-R (96 TIPS X 6 RACKS X 10 PACKS),Neuation / Accumax,Pipette Tips,,pack,40652,,,
AT-1000-K,AT-1000-K (96 TIPS X 5 STACKS X 10 PACKS),Neuation / Accumax,Pipette Tips,,pack,11163,,,
AT-1000-S-K,AT-1000-S-K (96 TIPS X 5 STACKS X 10 PACKS),Neuation / Accumax,Pipette Tips,,pack,13443,,,
AT-1000-F-K,AT-1000-F-K (96 TIPS X 6 RACKS X 10 PACKS),Neuation / Accumax,Pipette Tips,,pack,28658,,,
AT-1000-S-F-K,AT-1000-S-F-K (96 TIPS X 6 RACKS X 10 PACKS),Neuation / Accumax,Pipette Tips,,pack,31644,,,
AT-1000-S-L-F-K,AT-1000-S-L-F-K (96 TIPS X 6 RACKS X 10 PACKS),Neuation / Accumax,Pipette Tips,,pack,46462,,,
AT-1000-S-W,AT-1000-S-W (200 TIPS X 5 PACKS),Neuation / Accumax,Pipette Tips,,pack,7514,,,
AT-200XL-B,AT-200XL-B (1000 TIPS X 20 PACKS),Neuation / Accumax,Pipette Tips,,pack,13782,,,
AT-200XL-S-B,AT-200XL-S-B (1000 TIPS X 20 PACKS),Neuation / Accumax,Pipette Tips,,pack,17346,,,
AT-200XL-F-B,AT-200XL-F-B (1000 TIPS X 20 PACKS),Neuation / Accumax,Pipette Tips,,pack,62272,,,
AT-200XL-S-L-B,AT-200XL-S-L-B (1000 TIPS X 20 PACKS),Neuation / Accumax,Pipette Tips,,pack,27258,,,
AT-200XL-S-F-B,AT-200XL-S-F-B (1000 TIPS X 20 PACKS),Neuation / Accumax,Pipette Tips,,pack,66311,,,
AT-200XL-S-L-F-B,AT-200XL-S-L-F-B (1000 TIPS X 20 PACKS),Neuation / Accumax,Pipette Tips,,pack,71862,,,
AT-200XL-R,AT-200XL-R (96 TIPS X 10 RACK X 10 PACKS),Neuation / Accumax,Pipette Tips,,pack,24780,,,
AT-200XL-S-R,AT-200XL-S-R (96 TIPS X 10 RACK X 10 PACKS),Neuation / Accumax,Pipette Tips,,pack,30975,,,
AT-200XL-F-R,AT-200XL-F-R (96 TIPS X 10 RACK X 10 PACKS),Neuation / Accumax,Pipette Tips,,pack,42572,,,
AT-200XL-S-L-R,AT-200XL-S-L-R (96 TIPS X 10 RACK X 10 PACKS),Neuation / Accumax,Pipette Tips,,pack,38892,,,
AT-200XL-S-F-R,AT-200XL-S-F-R (96 TIPS X 10 RACK X 10 PACKS),Neuation / Accumax,Pipette Tips,,pack,50803,,,
AT-200XL-S-L-F-R,AT-200XL-S-L-F-R (96 TIPS X 10 RACK X 10 PACKS),Neuation / Accumax,Pipette Tips,,pack,57489,,,
AT-200XL-K,AT-200XL-K (96 TIPS X 10 STACKS X 10 PACKS),Neuation / Accumax,Pipette Tips,,pack,17183,,,
AT-200XL-S-K,AT-200XL-S-K (96 TIPS X 10 STACKS X 10 PACKS),Neuation / Accumax,Pipette Tips,,pack,24991,,,
AT-200XL-S-L-K,AT-200XL-S-L-K (96 TIPS X 10 STACKS X 10 PACKS),Neuation / Accumax,Pipette Tips,,pack,29773,,,
AT-200XL-F-K,AT-200XL-F-K (96 TIPS X 10 RACK X 10 PACKS),Neuation / Accumax,Pipette Tips,,pack,37690,,,
AT-200XL-S-F-K,AT-200XL-S-F-K (96 TIPS X 10 RACK X 10 PACKS),Neuation / Accumax,Pipette Tips,,pack,33932,,,
AT-200XL-S-L-F-K,AT-200XL-S-L-F-K (96 TIPS X 10 RACK X 10 PACKS),Neuation / Accumax,Pipette Tips,,pack,44347,,,
AT-1000XL-B,AT-1000XL-B (500 TIPS X 20 PACKS),Neuation / Accumax,Pipette Tips,,pack,10052,,,
AT-1000XL-S-B,AT-1000XL-S-B (500 TIPS X 20 PACKS),Neuation / Accumax,Pipette Tips,,pack,15140,,,
AT-1000XL-F-B,AT-1000XL-F-B (500 TIPS X 20 PACKS),Neuation / Accumax,Pipette Tips,,pack,39325,,,
AT-1000XL-S-L-B,AT-1000XL-S-L-B (500 TIPS X 20 PACKS),Neuation / Accumax,Pipette Tips,,pack,36600,,,
AT-1000XL-S-F-B,AT-1000XL-S-F-B (500 TIPS X 20 PACKS),Neuation / Accumax,Pipette Tips,,pack,45005,,,
AT-1000XL-S-L-F-B,AT-1000XL-S-L-F-B (500 TIPS X 20 PACKS),Neuation / Accumax,Pipette Tips,,pack,50377,,,
AT-1000XL-R,AT-1000XL-R (96 TIPS X 6 RACKS X 10 PACKS),Neuation / Accumax,Pipette Tips,,pack,16436,,,
AT-1000XL-S-R,AT-1000XL-S-R (96 TIPS X 6 RACKS X 10 PACKS),Neuation / Accumax,Pipette Tips,,pack,20249,,,
AT-1000XL-F-R,AT-1000XL-F-R (96 TIPS X 6 RACKS X 10 PACKS),Neuation / Accumax,Pipette Tips,,pack,32499,,,
AT-1000XL-S-L-R,AT-1000XL-S-L-R (96 TIPS X 6 RACKS X 10 PACKS),Neuation / Accumax,Pipette Tips,,pack,27976,,,
AT-1000XL-S-F-R,AT-1000XL-S-F-R (96 TIPS X 6 RACKS X 10 PACKS),Neuation / Accumax,Pipette Tips,,pack,37489,,,
AT-1000XL-S-L-F-R,AT-1000XL-S-L-F-R (96 TIPS X 6 RACKS X 10 PACKS),Neuation / Accumax,Pipette Tips,,pack,45979,,,
AT-1000XL-K,AT-1000XL-K (96 TIPS X 6 STACKS X 10 PACKS),Neuation / Accumax,Pipette Tips,,pack,55544,,,
AT-1000XL-S-K,AT-1000XL-S-K (96 TIPS X 6 STACKS X 10 PACKS),Neuation / Accumax,Pipette Tips,,pack,17965,,,
AT-1000XL-S-L-K,AT-1000XL-S-L-K (96 TIPS X 6 STACKS X 10 PACKS),Neuation / Accumax,Pipette Tips,,pack,22538,,,
AT-1000XL-F-K,AT-1000XL-F-K (96 TIPS X 6 RACKS X 10 PACKS),Neuation / Accumax,Pipette Tips,,pack,29785,,,
AT-1000XL-S-F-K,AT-1000XL-S-F-K (96 TIPS X 6 RACKS X 10 PACKS),Neuation / Accumax,Pipette Tips,,pack,32499,,,
AT-1000XL-S-L-F-K,AT-1000XL-S-L-F-K (96 TIPS X 6 RACKS X 10 PACKS),Neuation / Accumax,Pipette Tips,,pack,35608,,,
AT-10 XL-E-R,AT-10 XL-E-R (10 RACKS X 10 PACKS),Neuation / Accumax,Other,,pack,15487,,,
AT-200-S-W,AT-200-S-W (400 TIPS X 5 PACKS),Neuation / Accumax,Pipette Tips,,pack,7694,,,
AT-200-S-L-W,AT-200-S-L-W (400 TIPS X 5 PACKS),Neuation / Accumax,Pipette Tips,,pack,9110,,,
AT-200-S-L-F-W,AT-200-S-L-F-W (400 TIPS X 5 PACKS),Neuation / Accumax,Pipette Tips,,pack,15104,,,
AT-1000-S-L-W,AT-1000-S-L-W (200 TIPS X 5 PACKS),Neuation / Accumax,Pipette Tips,,pack,8796,,,
AT-1000-S-L-F-W,AT-1000-S-L-F-W (200 TIPS X 5 PACKS),Neuation / Accumax,Pipette Tips,,pack,9014,,,
AT-200-BC,AT-200-B-(C) (1000 TIPS X 20 PACKS),Neuation / Accumax,Pipette Tips,,pack,11040,,,
AT-1000-BC,AT-1000-B-(C) (1000 TIPS X 10 PACKS),Neuation / Accumax,Pipette Tips,,pack,7632,,,
AT-10-E-R,AT-10-E-R (10 RACKS X 10 PACKS ),Neuation / Accumax,Other,,pack,15487,,,
AT-200-E-R,AT-200-E-R (10 RACKS X 10 PACKS ),Neuation / Accumax,Other,,pack,15487,,,
AT-200XL-E-R,AT-200XL-E-R (10 RACKS X 10 PACKS ),Neuation / Accumax,Other,,pack,16107,,,
AT-1000-E-R,AT-1000-E-R (6 RACKS X 10 PACKS ),Neuation / Accumax,Other,,pack,16107,,,
AT-1000XL-E-R,AT-1000XL-E-R (6 RACKS X 10 PACKS ),Neuation / Accumax,Other,,pack,17346,,,
AT-5000A,AT-5000A (100 TIPS X 10 PACKS),Neuation / Accumax,Pipette Tips,,pack,9107,,,
AT-10000A,AT-10000A (100 TIPS X 10 PACKS),Neuation / Accumax,Pipette Tips,,pack,14793,,,
AT-5000B,AT-5000B (100 TIPS X 10 PACKS),Neuation / Accumax,Pipette Tips,,pack,9107,,,
AT-10000B,AT-10000B (100 TIPS X 10 PACKS),Neuation / Accumax,Pipette Tips,,pack,14793,,,
ARV-10-B,ARV-10-B ( 100 RESERVOIR X 5 PACKS ),Neuation / Accumax,PCR & Plates,,pack,4533,,,
ARV-10-S,ARV-10-S ( 5 RESERVOIR X 40 PACKS ),Neuation / Accumax,PCR & Plates,,pack,2086,,,
ARV-10-S-W,ARV-10-SW ( INDIVIDUALLY WRAPPED X 50 RESERVOIR ),Neuation / Accumax,PCR & Plates,,unit,703,,,
ARV-25-B,ARV-25-B ( 100 RESERVOIR X 5 PACKS ),Neuation / Accumax,PCR & Plates,,pack,5879,,,
ARV-25-S,ARV-25-S ( 5 RESERVOIR X 40 PACKS ),Neuation / Accumax,PCR & Plates,,pack,2704,,,
ARV-25-S-W,ARV-25-SW ( INDIVIDUALLY WRAPPED X 50 RESERVOIR ),Neuation / Accumax,PCR & Plates,,unit,915,,,
ARV-50-B,ARV-50-B ( 100 RESERVOIR X 5 PACKS ),Neuation / Accumax,PCR & Plates,,pack,7274,,,
ARV-50-S,ARV-50-S ( 5 RESERVOIR X 40 PACKS ),Neuation / Accumax,PCR & Plates,,pack,3345,,,
ARV-50-S-W,ARV-50-SW ( INDIVIDUALLY WRAPPED X 50 RESERVOIR ),Neuation / Accumax,PCR & Plates,,unit,1129,,,
ACT-005-B,Micro Centrifuge Tubes ACT-005-B (1000 TUBES X 10 PACKS),Neuation / Accumax,Tubes & Vials,,pack,7446,,Microcentrifuge tube.png,Microcentrifuge tube desc.png
ACT-005-B-S,Micro Centrifuge Tubes ACT-005-B-S (1000 TUBES X 10 PACKS),Neuation / Accumax,Tubes & Vials,,pack,11163,,Microcentrifuge tube.png,Microcentrifuge tube desc.png
ACT-005-L-B-S,Micro Centrifuge Tubes ACT-005-L-B-S (1000 TUBES X 10 PACKS),Neuation / Accumax,Tubes & Vials,,pack,29736,,Microcentrifuge tube.png,Microcentrifuge tube desc.png
ACT-005-B-C,Micro Centrifuge Tubes ACT-005-B-C (500 TUBES X 20 PACKS),Neuation / Accumax,Tubes & Vials,,pack,13629,,Microcentrifuge tube.png,Microcentrifuge tube desc.png
ACT-005-B-S-C,Micro Centrifuge Tubes ACT-005-B-S-C (1000 TUBES X 10 PACKS),Neuation / Accumax,Tubes & Vials,,pack,17346,,Microcentrifuge tube.png,Microcentrifuge tube desc.png
ACT-005-B-A,Micro Centrifuge Tubes ACT-005-B-A (1000 TUBES X 10 PACKS),Neuation / Accumax,Tubes & Vials,,pack,11510,,Microcentrifuge tube.png,Microcentrifuge tube desc.png
ACT-005-B-S-A,Micro Centrifuge Tubes ACT-005-B-S-A (1000 TUBES X 10 PACKS),Neuation / Accumax,Tubes & Vials,,pack,14868,,Microcentrifuge tube.png,Microcentrifuge tube desc.png
ACT-017-B,Micro Centrifuge Tubes ACT-017-B (1000 TUBES X 10 PACKS),Neuation / Accumax,Tubes & Vials,,pack,9837,,Microcentrifuge tube.png,Microcentrifuge tube desc.png
ACT-017-B-S,Micro Centrifuge Tubes ACT-017-B-S (1000 TUBES X 10 PACKS),Neuation / Accumax,Tubes & Vials,,pack,13171,,Microcentrifuge tube.png,Microcentrifuge tube desc.png
ACT-017-L-B-S,Micro Centrifuge Tubes ACT-017-L-B-S (1000 TUBES X 10 PACKS),Neuation / Accumax,Tubes & Vials,,pack,35931,,Microcentrifuge tube.png,Microcentrifuge tube desc.png
ACT-017-B-C,Micro Centrifuge Tubes ACT-017-B-C(1000 TUBES X 10 PACKS),Neuation / Accumax,Tubes & Vials,,pack,14633,,Microcentrifuge tube.png,Microcentrifuge tube desc.png
ACT-017-B-S-C,Micro Centrifuge Tubes ACT-017-B-S-C (1000 TUBES X 10 PACKS),Neuation / Accumax,Tubes & Vials,,pack,18585,,Microcentrifuge tube.png,Microcentrifuge tube desc.png
ACT-017-B-A,Micro Centrifuge Tubes ACT-017-B-A (1000 TUBES X 10 PACKS),Neuation / Accumax,Tubes & Vials,,pack,16615,,Microcentrifuge tube.png,Microcentrifuge tube desc.png
ACT-017-B-S-A,Micro Centrifuge Tubes ACT-017-B-S-A (1000 TUBES X 10 PACKS),Neuation / Accumax,Tubes & Vials,,pack,18585,,Microcentrifuge tube.png,Microcentrifuge tube desc.png
ACT-020-B,Micro Centrifuge Tubes ACT-020-B (500 TUBES X 10 PACKS),Neuation / Accumax,Tubes & Vials,,pack,5588,,Microcentrifuge tube.png,Microcentrifuge tube desc.png
ACT-020-B-S,Micro Centrifuge Tubes ACT-020-B-S (500 TUBES X 10 PACKS),Neuation / Accumax,Tubes & Vials,,pack,7706,,Microcentrifuge tube.png,Microcentrifuge tube desc.png
ACT-020-L-B-S,Micro Centrifuge Tubes ACT-020-L-B-S (500 TUBES X 10 PACKS),Neuation / Accumax,Tubes & Vials,,pack,21558,,Microcentrifuge tube.png,Microcentrifuge tube desc.png
ACT-020-B-C,Micro Centrifuge Tubes ACT-020-B-C (500 TUBES X 10 PACKS),Neuation / Accumax,Tubes & Vials,,pack,10618,,Microcentrifuge tube.png,Microcentrifuge tube desc.png
ACT-020-B-S-C,Micro Centrifuge Tubes ACT-020-B-S-C (500 TUBES X 10 PACKS),Neuation / Accumax,Tubes & Vials,,pack,12203,,Microcentrifuge tube.png,Microcentrifuge tube desc.png
ACT-020-B-A,Micro Centrifuge Tubes ACT-020-B-A (500 TUBES X 10 PACKS),Neuation / Accumax,Tubes & Vials,,pack,9080,,Microcentrifuge tube.png,Microcentrifuge tube desc.png
ACT-020-B-S-A,Micro Centrifuge Tubes ACT-020-B-S-A (500 TUBES X 10 PACKS),Neuation / Accumax,Tubes & Vials,,pack,14421,,Microcentrifuge tube.png,Microcentrifuge tube desc.png
ADW-2V,ADW-2V ( 12 X 4 PACKS ),Neuation / Accumax,Other,,pack,8779,,,
ADW-1R,ADW-1R ( 24 X 4 PACKS ),Neuation / Accumax,Other,,pack,15859,,,
ADW-2V-S,ADW-2V-S ( 12 X 4 PACKS ),Neuation / Accumax,Other,,pack,9912,,,
ADW-1R-S,ADW-1R-S ( 24 X 4 PACKS ),Neuation / Accumax,Other,,pack,18691,,,
ADW-2V-S-W,ADW-2V-S-W ( 12 X 4 PACKS ),Neuation / Accumax,Other,,pack,11611,,,
ADW1R-S-W,ADW-1R-S-W ( 24 X 4 PACKS ),Neuation / Accumax,Other,,pack,20390,,,
ADW-2R,ADW-2R ( 12 X 4 PACKS ),Neuation / Accumax,Other,,pack,8779,,,
ADW-2R-S,ADW-2R-S ( 12 X 4 PACKS ),Neuation / Accumax,Other,,pack,8779,,,
ADW-2R-S-W,ADW-2R-S-W ( 12 X 4 PACKS ),Neuation / Accumax,Other,,pack,11611,,,
ADW-2.2 K,ADW-2.2 K ( 5 X 10 PACKS),Neuation / Accumax,Other,,pack,9145,,,
ADW-2.2 U,ADW-2.2 U ( 5 X 10 PACKS),Neuation / Accumax,Other,,pack,9145,,,
ADW-TC-96,ADW-TC-96 ( 2 X 25 PACKS),Neuation / Accumax,Other,,pack,8260,,,
ADW-TC-08,ADW-TC-08 ( 2 X 100 PACKS),Neuation / Accumax,Other,,pack,12390,,,
ADW-1.0 U,ADW-1U ( 24 X 4 PACKS ),Neuation / Accumax,Other,,pack,16057,,,
ADW-1.0 U-S,ADW-1U-S ( 24 X 4 PACKS ),Neuation / Accumax,Other,,pack,18691,,,
ADW-1.0 U-S-W,ADW-1U-S-W ( 24 X 4 PACKS ),Neuation / Accumax,Other,,pack,20390,,,
ADW-2.2 U-S-W,ADW-2.2 U-S-W ( 4 X 12 PACKS ),Neuation / Accumax,Other,,pack,49560,,,
ADW-SM-CC,ADW-SM-CC (10 PCS X 05 PACKS),Neuation / Accumax,Other,,pack,12095,,,
ADW-SM-1-RP,ADW-SM-1-RP (10 PCS X 05 PACKS),Neuation / Accumax,Other,,pack,12095,,,
ADW-SM-2-RP,ADW-SM-2-RP (10 PCS X 05 PACKS),Neuation / Accumax,Other,,pack,12095,,,
ACV01,ACV01 ( 100 X 10 PACKS ),Neuation / Accumax,Other,,pack,7168,,,
ACV01-S,ACV01-S ( 100 X 10 PACKS ),Neuation / Accumax,Other,,pack,7965,,,
ACV18,ACV18 ( 100 X 10 PACKS ),Neuation / Accumax,Other,,pack,7747,,,
ACV18-S,ACV18-S ( 100 X 10 PACKS ),Neuation / Accumax,Other,,pack,8609,,,
ACV35,ACV35 ( 100 X 10 PACKS ),Neuation / Accumax,Other,,pack,13085,,,
ACV35-S,ACV35-S ( 100 X 10 PACKS ),Neuation / Accumax,Other,,pack,11776,,,
ACV45,ACV45 ( 100 X 5 PACKS ),Neuation / Accumax,Other,,pack,6200,,,
ACV45-S,ACV45-S ( 100 X 5 PACKS ),Neuation / Accumax,Other,,pack,6890,,,
ACI-R,ACI-R (500),Neuation / Accumax,Other,,unit,885,,,
ACI-B,ACI-B (500),Neuation / Accumax,Other,,unit,885,,,
ACI-Y,ACI-Y (500),Neuation / Accumax,Other,,unit,885,,,
ACI-G,ACI-G (500),Neuation / Accumax,Other,,unit,885,,,
ACI-W,ACI-W (500),Neuation / Accumax,Other,,unit,885,,,
APC-001,DPR-001 (500 TUBES X 6 PACKS),Neuation / Accumax,Tubes & Vials,,pack,6355,,,
APC-011,APC-011 ( 12 STRIPS X 10 PACKS ),Neuation / Accumax,Other,,pack,5734,,,
APC-012,APC-012 ( 12 STRIPS + 12 CAP STRIPS X 10 PACKS ),Neuation / Accumax,Other,,pack,4561,,,
APC-013,DPR-013 (12 STRIPS + 12 CAP STRIPS X 10 PACKS),Neuation / Accumax,Other,,pack,4933,,,
APC-014,APC-014 ( 12 STRIPS + 12 CAP STRIPS X 10 PACKS ),Neuation / Accumax,Other,,pack,5356,,,
APC-015,APC-015 ( 12 STRIPS + 12 CAP STRIPS X 10 PACKS ),Neuation / Accumax,Other,,pack,5930,,,
APC-016,APC-016 ( 12 STRIPS + 12 CAP STRIPS X 10 PACKS ),Neuation / Accumax,Other,,pack,4933,,,
APC-017,APC-017 ( 12 STRIPS + 12 CAP STRIPS X 10 PACKS ),Neuation / Accumax,Other,,pack,5504,,,
DPR-018,DPR-018 (252 STRIPS + 252 CAP STRIPS X 1 PACKS),Neuation / Accumax,Other,,pack,5616,,,
APC-021,APC-021 ( 10 PLATES X 5 PACKS ),Neuation / Accumax,PCR & Plates,,pack,8630,,,
APC-022,APC-022 ( 10 PLATES X 5 PACKS ),Neuation / Accumax,PCR & Plates,,pack,11730,,,
APC-023,APC-023 ( 10 PLATES X 5 PACKS ),Neuation / Accumax,PCR & Plates,,pack,10956,,,
APC-024,APC-024 ( 10 PLATES X 5 PACKS ),Neuation / Accumax,PCR & Plates,,pack,10956,,,
APC-025,APC-025 ( 10 PLATES X 5 PACKS ),Neuation / Accumax,PCR & Plates,,pack,11171,,,
APC-026,DPR-026 ( 10 PLATES X 5 PACKS),Neuation / Accumax,PCR & Plates,,pack,20650,,,
APC-027,DPR-027 (10 PLATES X 5 PACKS),Neuation / Accumax,PCR & Plates,,pack,20650,,,
APC-022-F,DPR-022-F (10 PLATES X 5 PACKS),Neuation / Accumax,PCR & Plates,,pack,13098,,,
APC-031,DPR-031 (10 MEMBRANES X 10 PACKS),Neuation / Accumax,Other,,pack,14084,,,
APC-032,DPR-032 (10 MEMBRANES X 10 PACKS),Neuation / Accumax,Other,,pack,14084,,,
APC-033,DPR-033 (10 MEMBRANES X 10 PACKS),Neuation / Accumax,Other,,pack,14084,,,
3-210-25-0,AFP-GF-0.7 (5 PLATES X 5 PACKS),Neuation / Accumax,PCR & Plates,,pack,22302,,,
3-210-25-2,AFP-GF-1.6 (5 PLATES X 5 PACKS),Neuation / Accumax,PCR & Plates,,pack,48675,,,
3-225-25-0,AFP-PE-60 (5 PLATES X 5 PACKS),Neuation / Accumax,PCR & Plates,,pack,22302,,,
3-219-25-0,AFP-CA-0.2 (5 PLATES X 5 PACKS),Neuation / Accumax,PCR & Plates,,pack,47436,,,
3-218-25-0,AFP-PVDF-0.45 (5 PLATES X 5 PACKS),Neuation / Accumax,PCR & Plates,,pack,47436,,,
3-320-20-0,ASC-GF-0.7 (100 TUBES X 2 PACKS),Neuation / Accumax,Tubes & Vials,,pack,6277,,,
3-321-20-0,ASC-GF-RNA (100 TUBES X 2 PACKS),Neuation / Accumax,Tubes & Vials,,pack,5852,,,
1-716-C10-0,(96 TIPS X 10 RACKS X 10 PACKS),Neuation / Accumax,Pipette Tips,,pack,26293,,,
1-718-C10-0,ALF-20-S-R (96 TIPS X 10 RACKS X 10 PACKS),Neuation / Accumax,Pipette Tips,,pack,29639,,,
4-718-C10-0,ALF-20-S-L-R (96 TIPS X 10 RACKS X 10 PACKS),Neuation / Accumax,Pipette Tips,,pack,43158,,,
2-718-C10-0,ALF-20-S-F-R (96 TIPS X 10 RACKS X 10 PACKS),Neuation / Accumax,Pipette Tips,,pack,51431,,,
5-718-C10-0,ALF-20-S-L-F-R (96 TIPS X 10 RACKS X 10 PACKS),Neuation / Accumax,Pipette Tips,,pack,62568,,,
1-711-C1-R,ALF-20-K (96 TIPS X 10 RACKS X 10 PACKS),Neuation / Accumax,Pipette Tips,,pack,23182,,,
4-711-C1-R,ALF-20-S-L-K (96 TIPS X 10 RACKS X 10 PACKS),Neuation / Accumax,Pipette Tips,,pack,27409,,,
2-718-E10-0,AGLF-20-S-F-R (96 TIPS X 10 RACKS X 10 PACKS),Neuation / Accumax,Pipette Tips,,pack,37232,,,
1-721-C10-0,ALF-200-R (96 TIPS X 10 RACKS X 10 PACKS),Neuation / Accumax,Pipette Tips,,pack,26293,,,
1-722-C10-0,ALF-200-S-R (96 TIPS X 10 RACKS X 10 PACKS),Neuation / Accumax,Pipette Tips,,pack,29639,,,
4-728-C10-0,ALF-200-S-L-R (96 TIPS X 10 RACKS X 10 PACKS),Neuation / Accumax,Pipette Tips,,pack,43158,,,
2-728-C10-0,ALF-200-S-F-R (96 TIPS X 10 RACKS X 10 PACKS),Neuation / Accumax,Pipette Tips,,pack,51431,,,
5-728-C10-0,ALF-200-S-L-F-R (96 TIPS X 10 RACKS X 10 PACKS),Neuation / Accumax,Pipette Tips,,pack,62568,,,
1-721-C1-R,ALF-200-K (96 TIPS X 10 RACKS X 10 PACKS),Neuation / Accumax,Pipette Tips,,pack,23182,,,
4-721-C1-R,ALF-200-S-L-K (96 TIPS X 10 RACKS X 10 PACKS),Neuation / Accumax,Pipette Tips,,pack,27409,,,
2-728-E10-0,AGLF-200-S-F-R (96 TIPS X 10 RACKS X 10 PACKS),Neuation / Accumax,Pipette Tips,,pack,37232,,,
5-728-E10-0,AGLF-200-S-L-F-R (96 TIPS X 10 RACKS X 10 PACKS),Neuation / Accumax,Pipette Tips,,pack,44270,,,
1-802-C10-0,ALF-1000-R (96 TIPS X 6 RACKS X 10 PACKS),Neuation / Accumax,Pipette Tips,,pack,18653,,,
1-803-C10-0,ALF-1000-S-R (96 TIPS X 6 RACKS X 10 PACKS),Neuation / Accumax,Pipette Tips,,pack,21668,,,
4-803-C10-0,ALF-1000-S-L-R (96 TIPS X 6 RACKS X 10 PACKS),Neuation / Accumax,Pipette Tips,,pack,25688,,,
2-803-C10-0,ALF-1000-S-F-R (96 TIPS X 6 RACKS X 10 PACKS),Neuation / Accumax,Pipette Tips,,pack,36536,,,
5-803-C10-0,ALF-1000-S-L-F-R (96 TIPS X 6 RACKS X 10 PACKS),Neuation / Accumax,Pipette Tips,,pack,45099,,,
4-802-C4-R,ALF-1000-S-L-K (96 TIPS X 6 RACKS X 10 PACKS),Neuation / Accumax,Pipette Tips,,pack,15388,,,
1-802-E10-0,AGLF-1000-R (96 TIPS X 6 RACKS X 10 PACKS),Neuation / Accumax,Pipette Tips,,pack,28843,,,
4-803-E10-0,AGLF-1000-S-L-R (96 TIPS X 6 RACKS X 10 PACKS),Neuation / Accumax,Pipette Tips,,pack,32461,,,
ADTT-300-R,ADTT-300-R (108 TIPS X 4 RACKS X 10 PACKS),Neuation / Accumax,Pipette Tips,,pack,35724,,,
ADTT-1300-R,ADTT-1300-R (108 TIPS X 4 RACKS X 10 PACKS),Neuation / Accumax,Pipette Tips,,pack,39294,,,
ADTD-2,ADTD-2-R ( 250 X 1 PACKS),Neuation / Accumax,Other,,pack,5310,,,
ATTB-10-FL,ATTB-10-FL (192 TIPS X 5 FLIP BOX X 10 PACKS),Neuation / Accumax,Pipette Tips,,pack,32503,,,
ATTB-10-F-FL,ATTB-10-F-FL (192 TIPS X 5 FLIP BOX X 10 PACKS),Neuation / Accumax,Pipette Tips,,pack,42310,,,
ATTB-200-FL,ATTB-200-FL (192 TIPS X 5 FLIP BOX X 10 PACKS),Neuation / Accumax,Pipette Tips,,pack,39768,,,
ATTB-200-F-FL,ATTB-200-F-FL (192 TIPS X 5 FLIP BOX X 10 PACKS),Neuation / Accumax,Pipette Tips,,pack,49575,,,
ATTB-1000-FL,ATTB-1000-FL (192 TIPS X 5 FLIP BOX X 10 PACKS),Neuation / Accumax,Pipette Tips,,pack,55801,,,
ATTB-1000-F-FL,ATTB-1000-F-FL (192 TIPS X 5 FLIP BOX X 10 PACKS),Neuation / Accumax,Pipette Tips,,pack,66698,,,
ATTB-10-BL,ATTB-10-BL (96 TIPS X 24 PACKS),Neuation / Accumax,Pipette Tips,,pack,9347,,,
ATTB-10-F-BL,ATTB-10-F-BL (96 TIPS X 24 PACKS),Neuation / Accumax,Pipette Tips,,pack,11702,,,
ATTB-10-S-BL,ATTB-10-S-BL (96 TIPS X 24 PACKS),Neuation / Accumax,Pipette Tips,,pack,10171,,,
ATTB-10-S-F-BL,ATTB-10-S-F-BL (96 TIPS X 24 PACKS),Neuation / Accumax,Pipette Tips,,pack,12524,,,
ATTB-200-BL,ATTB-200-BL (96 TIPS X 24 PACKS),Neuation / Accumax,Pipette Tips,,pack,11092,,,
ATTB-200-F-BL,ATTB-200-F-BL (96 TIPS X 24 PACKS),Neuation / Accumax,Pipette Tips,,pack,13446,,,
ATTB-200-S-BL,ATTB-200-S-BL (96 TIPS X 24 PACKS),Neuation / Accumax,Pipette Tips,,pack,11915,,,
ATTB-200-S-F-BL,ATTB-200-S-F-BL (96 TIPS X 24 PACKS),Neuation / Accumax,Pipette Tips,,pack,14268,,,
ATTB-1000-BL,ATTB-1000-BL (96 TIPS X 24 PACKS),Neuation / Accumax,Pipette Tips,,pack,15364,,,
ATTB-1000-F-BL,ATTB-1000-F-BL (96 TIPS X 24 PACKS),Neuation / Accumax,Pipette Tips,,pack,16187,,,
ATTB-1000-S-BL,ATTB-1000-S-BL (96 TIPS X 24 PACKS),Neuation / Accumax,Pipette Tips,,pack,16187,,,
ATTB-1000-S-F-BL,ATTB-1000-S-F-BL (96 TIPS X 24 PACKS),Neuation / Accumax,Pipette Tips,,pack,18802,,,
ATTB-50-BL,ATTB-50-BL (96 TIPS X 24 PACKS),Neuation / Accumax,Pipette Tips,,pack,11092,,,
ATTB-50-F-BL,ATTB-50-F-BL (96 TIPS X 24 PACKS),Neuation / Accumax,Pipette Tips,,pack,13446,,,
ATTB-50-S-BL,ATTB-50-S-BL (96 TIPS X 24 PACKS),Neuation / Accumax,Pipette Tips,,pack,11915,,,
ATTB-50-S-F-BL,ATTB-50-S-F-BL (96 TIPS X 24 PACKS),Neuation / Accumax,Pipette Tips,,pack,14268,,,
ATTC-10-FL,ATTC-10-FL (192 TIPS X 5 FLIP BOX X 10 PACKS),Neuation / Accumax,Pipette Tips,,pack,29281,,,
ATTC-10-F-FL,ATTC-10-F-FL (192 TIPS X 5 FLIP BOX X 10 PACKS),Neuation / Accumax,Pipette Tips,,pack,39088,,,
ATTC-200-FL,ATTC-200-FL (192 TIPS X 5 FLIP BOX X 10 PACKS),Neuation / Accumax,Pipette Tips,,pack,33179,,,
ATTC-200-F-FL,ATTC-200-F-FL (192 TIPS X 5 FLIP BOX X 10 PACKS),Neuation / Accumax,Pipette Tips,,pack,42986,,,
ATTC-1000-FL,ATTC-1000-FL (192 TIPS X 5 FLIP BOX X 10 PACKS),Neuation / Accumax,Pipette Tips,,pack,42623,,,
ATTC-1000-F-FL,ATTC-1000-F-FL (192 TIPS X 5 FLIP BOX X 10 PACKS),Neuation / Accumax,Pipette Tips,,pack,53520,,,
ATTC-10-BL,ATTC-10-BL (96 TIPS X 24 PACKS),Neuation / Accumax,Pipette Tips,,pack,8575,,,
ATTC-10-F-BL,ATTC-10-F-BL (96 TIPS X 24 PACKS),Neuation / Accumax,Pipette Tips,,pack,10929,,,
ATTC-10-S-BL,ATTC-10-S-BL (96 TIPS X 24 PACKS),Neuation / Accumax,Pipette Tips,,pack,9398,,,
ATTC-10-S-F-BL,ATTC-10-S-F-BL (96 TIPS X 24 PACKS),Neuation / Accumax,Pipette Tips,,pack,11751,,,
ATTC-200-BL,ATTC-200-BL (96 TIPS X 24 PACKS),Neuation / Accumax,Pipette Tips,,pack,9510,,,
ATTC-200-F-BL,ATTC-200-F-BL (96 TIPS X 24 PACKS),Neuation / Accumax,Pipette Tips,,pack,11864,,,
ATTC-200-S-BL,ATTC-200-S-BL (96 TIPS X 24 PACKS),Neuation / Accumax,Pipette Tips,,pack,10333,,,
ATTC-200-S-F-BL,ATTC-200-S-F-BL (96 TIPS X 24 PACKS),Neuation / Accumax,Pipette Tips,,pack,12687,,,
ATTC-1000-BL,ATTC-1000-BL (96 TIPS X 24 PACKS),Neuation / Accumax,Pipette Tips,,pack,12201,,,
ATTC-1000-F-BL,ATTC-1000-F-BL (96 TIPS X 24 PACKS),Neuation / Accumax,Pipette Tips,,pack,14817,,,
ATTC-1000-S-BL,ATTC-1000-S-BL (96 TIPS X 24 PACKS),Neuation / Accumax,Pipette Tips,,pack,13024,,,
ATTC-1000-S-F-BL,ATTC-1000-S-F-BL (96 TIPS X 24 PACKS),Neuation / Accumax,Pipette Tips,,pack,15639,,,
AFSK - 1A,AFSK-3P-Starter Kit,Neuation / Accumax,Other,,unit,31949,,,
AFSK - 1B,AFSK-3P-Starter Kit,Neuation / Accumax,Other,,unit,31949,,,
AFSK - 2,AFSK-5P-KITS (10 100 200 1000 5000),Neuation / Accumax,Other,,unit,50930,,,
AFSK - 3P,AFSK-3P-KITS (2.5 10 100),Neuation / Accumax,Other,,unit,36349,,,
AT-5000B-S-W,AT-5000B-S-W (50 TIPS X 10 PACK),Neuation / Accumax,Pipette Tips,,pack,5693,,,
AT-5000A-S-W,AT-5000A-S-W (50 TIPS X 10 PACKS),Neuation / Accumax,Pipette Tips,,pack,5693,,,
ACB-18-81,ACB-18-81 CD 9X9 WHITE ( 2 X 4 PACKS),Neuation / Accumax,Other,,pack,6560,,,
ACB-18-100,ACB-18-100 CD 10X10 GREY ( 2 X 4 PACKS),Neuation / Accumax,Other,,pack,6785,,,
3-051-00-0,APC-021-PLUS,Neuation / Accumax,Other,,unit,23305,,,
3-051-02-0,APC-022-PLUS,Neuation / Accumax,Other,,unit,23305,,,
3-049-02-0,APC-023-PLUS,Neuation / Accumax,Other,,unit,22420,,,
3-049-01-0,APC-024-PLUS,Neuation / Accumax,Other,,unit,22420,,,
3-049-01-9,APC-025-PLUS,Neuation / Accumax,Other,,unit,22420,,,
3-053-00-0,APC-026-PLUS,Neuation / Accumax,Other,,unit,22715,,,
3-053-00-9,APC-027-PLUS,Neuation / Accumax,Other,,unit,22715,,,
3-049-03-0,APC-028-PLUS,Neuation / Accumax,Other,,unit,23305,,,
ASP-1-S,ASP-1-S (100 PCS X 6 PACKS),Neuation / Accumax,Other,,pack,6499,,,
ASP-1-S-B,ASP-1-S-B (25 PCS X 4 BAGS X 6 PACKS),Neuation / Accumax,Other,,pack,6655,,,
ASP-1-S-B-WB,ASP-1-S-B-WB (25 PCS X 4 BAGS X 6 PACKS),Neuation / Accumax,Other,,pack,5920,,,
ASP-2-S,ASP-2-S (100 PCS X 6 PACKS),Neuation / Accumax,Other,,pack,7168,,,
ASP-2-S-B,ASP-2-S-B (25 PCS X 4 BAGS X 6 PACKS),Neuation / Accumax,Other,,pack,7292,,,
ASP-2-S-B-WB,ASP-2-S-B-WB (25 PCS X 4 BAGS X 6 PACKS),Neuation / Accumax,Other,,pack,6459,,,
ASP-5-S,ASP-5-S (100 PCS X 6 PACKS),Neuation / Accumax,Other,,pack,11151,,,
ASP-5-S-B,ASP-5-S-B (25 PCS X 4 BAGS X 6 PACKS),Neuation / Accumax,Other,,pack,11328,,,
ASP-5-S-B-WB,ASP-5-S-B-WB (25 PCS X 4 BAGS X 6 PACKS),Neuation / Accumax,Other,,pack,10224,,,
ASP-10-S,ASP-10-S (100 PCS X 6 PACKS),Neuation / Accumax,Other,,pack,11788,,,
ASP-10-S-B,ASP-10-S-B (25 PCS X 4 BAGS X 6 PACKS),Neuation / Accumax,Other,,pack,12036,,,
ASP-10-S-B-WB,ASP-10-S-B-WB (25 PCS X 4 BAGS X 6 PACKS),Neuation / Accumax,Other,,pack,10762,,,
AV-100,RP A Mechanical Pipette 0.5-10 ACCUMAX (AV-100),Neuation / Accumax,Pipettes,,unit,3080,,av.png,A mech pipette.png
AV-125,RP A Mechanical Pipette 0.1-2.5 ACCUMAX (AV-125),Neuation / Accumax,Pipettes,,unit,3080,,av.png,A mech pipette.png
AV-200,RP A Mechanical Pipette 5-50 ACCUMAX (AV-200),Neuation / Accumax,Pipettes,,unit,3080,,av.png,A mech pipette.png
AV-300,RP A Mechanical Pipette 50-200 ACCUMAX (AV-300),Neuation / Accumax,Pipettes,,unit,3080,,av.png,A mech pipette.png
AV-400,RP A Mechanical Pipette 200-1000 ACCUMAX (AV-400),Neuation / Accumax,Pipettes,,unit,3080,,av.png,A mech pipette.png
AV-500,RP A Mechanical Pipette 10-100 ACCUMAX (AV-500),Neuation / Accumax,Pipettes,,unit,3080,,av.png,A mech pipette.png
AV-600,RP A Mechanical Pipette 100-1000 ACCUMAX (AV-600),Neuation / Accumax,Pipettes,,unit,3080,,av.png,A mech pipette.png
AV-700,RP A Mechanical Pipette 2-20 ACCUMAX (AV-700),Neuation / Accumax,Pipettes,,unit,3080,,av.png,A mech pipette.png
AV-800,RP A Mechanical Pipette 20-200 ACCUMAX (AV-800),Neuation / Accumax,Pipettes,,unit,3080,,av.png,A mech pipette.png
AV-900,RP A Mechanical Pipette 1000-5000 ACCUMAX (AV-900),Neuation / Accumax,Pipettes,,unit,3300,,av.png,A mech pipette.png
AV-905,RP A Mechanical Pipette 500-5000 ACCUMAX (AV-905),Neuation / Accumax,Pipettes,,unit,3300,,av.png,A mech pipette.png
AV-1000,RP A Mechanical Pipette 1000-10000 ACCUMAX (AV-1000),Neuation / Accumax,Pipettes,,unit,3300,,av.png,A mech pipette.png
AV-1005,RP A Mechanical Pipette 500-10000 ACCUMAX (AV-1005),Neuation / Accumax,Pipettes,,unit,3300,,av.png,A mech pipette.png
AF-205,RPF A 2.5 ACCUMAX (AF-205),Neuation / Accumax,Pipettes,,unit,1842,,,
AF-5,RPF A 5 ACCUMAX (AF-5),Neuation / Accumax,Pipettes,,unit,1842,,,
AF-10,RPF A 10 ACCUMAX (AF-10),Neuation / Accumax,Pipettes,,unit,1842,,,
AF-20,RPF A 20 ACCUMAX (AF-20),Neuation / Accumax,Pipettes,,unit,1842,,,
AF-50,RPF A 50 ACCUMAX (AF-50),Neuation / Accumax,Pipettes,,unit,1842,,,
AF-100,RPF A 100 ACCUMAX (AF-100),Neuation / Accumax,Pipettes,,unit,1842,,,
AF-200,RPF A 200 ACCUMAX (AF-200),Neuation / Accumax,Pipettes,,unit,1842,,,
AF-250,RPF A 250 ACCUMAX (AF-250),Neuation / Accumax,Pipettes,,unit,1842,,,
AF-500,RPF A 500 ACCUMAX (AF-500),Neuation / Accumax,Pipettes,,unit,1842,,,
AF-1000,RPF A 1000 ACCUMAX (AF-1000),Neuation / Accumax,Pipettes,,unit,1842,,,
AF-2000,RPF A 2000 ACCUMAX (AF-2000),Neuation / Accumax,Pipettes,,unit,2079,,,
AF-5000,RPF A 5000 ACCUMAX (AF-5000),Neuation / Accumax,Pipettes,,unit,2079,,,
AF-10000,RPF A 10000 ACCUMAX (AF-10000),Neuation / Accumax,Pipettes,,unit,2079,,,
AM8-010,RPM A 0.5-10 (8) ACCUMAX (AM 8-010),Neuation / Accumax,Pipettes,,unit,19250,,,
AM8-050,RPM A 5-50 (8) ACCUMAX (AM 8-050),Neuation / Accumax,Pipettes,,unit,19250,,,
AM8-100,RPM A 10-100 (8) ACCUMAX (AM 8-100),Neuation / Accumax,Pipettes,,unit,19250,,,
AM8-200,RPM A 20-200 (8) ACCUMAX (AM 8-200),Neuation / Accumax,Pipettes,,unit,19250,,,
AM8-300,RPM A 30-300 (8) ACCUMAX (AM 8-300),Neuation / Accumax,Pipettes,,unit,19250,,,
AM12-010,RPM A 0.5-10 (12) ACCUMAX (AM 12-010),Neuation / Accumax,Pipettes,,unit,23650,,,
AM12-100,RPM A 10-100 (12) ACCUMAX (AM 12-100),Neuation / Accumax,Pipettes,,unit,23650,,,
AM12-200,RPM A 20-200 (12) ACCUMAX (AM 12-200),Neuation / Accumax,Pipettes,,unit,23650,,,
AM12-300,RPM A 30-300 (12) ACCUMAX (AM 12-300),Neuation / Accumax,Pipettes,,unit,23650,,,
VAP-100,RP Pro Mechanical Pipette 0.5-10 ACCUMAX (VAP-100),Neuation / Accumax,Pipettes,,unit,2145,,Pro mech pipette.png,Pro mech pipette.png
VAP-125,RP Pro Mechanical Pipette 0.1-2.5 ACCUMAX (VAP-125),Neuation / Accumax,Pipettes,,unit,2145,,Pro mech pipette.png,Pro mech pipette.png
VAP-200,RP Pro Mechanical Pipette 5-50 ACCUMAX (VAP-200),Neuation / Accumax,Pipettes,,unit,2145,,Pro mech pipette.png,Pro mech pipette.png
VAP-300,RP Pro Mechanical Pipette 50-200 ACCUMAX (VAP-300),Neuation / Accumax,Pipettes,,unit,2145,,Pro mech pipette.png,Pro mech pipette.png
VAP-400,RP Pro Mechanical Pipette 200-1000 ACCUMAX (VAP-400),Neuation / Accumax,Pipettes,,unit,2145,,Pro mech pipette.png,Pro mech pipette.png
VAP-500,RP Pro Mechanical Pipette 10-100 ACCUMAX (VAP-500),Neuation / Accumax,Pipettes,,unit,2145,,Pro mech pipette.png,Pro mech pipette.png
VAP-600,RP Pro Mechanical Pipette 100-1000 ACCUMAX (VAP-600),Neuation / Accumax,Pipettes,,unit,2145,,Pro mech pipette.png,Pro mech pipette.png
VAP-700,RP Pro Mechanical Pipette 2-20 ACCUMAX (VAP-700),Neuation / Accumax,Pipettes,,unit,2145,,Pro mech pipette.png,Pro mech pipette.png
VAP-800,RP Pro Mechanical Pipette 20-200 ACCUMAX (VAP-800),Neuation / Accumax,Pipettes,,unit,2145,,Pro mech pipette.png,Pro mech pipette.png
VAP-900,RP Pro Mechanical Pipette 1000-5000 ACCUMAX (VAP-900),Neuation / Accumax,Pipettes,,unit,2310,,Pro mech pipette.png,Pro mech pipette.png
VAP-905,RP Pro Mechanical Pipette 500-5000 ACCUMAX (VAP-905),Neuation / Accumax,Pipettes,,unit,2310,,Pro mech pipette.png,Pro mech pipette.png
VAP-1000,RP Pro Mechanical Pipette 1000-10000 ACCUMAX (VAP-1000),Neuation / Accumax,Pipettes,,unit,2310,,Pro mech pipette.png,Pro mech pipette.png
VAP-1005,RP Pro Mechanical Pipette 500-10000 ACCUMAX (VAP-1005),Neuation / Accumax,Pipettes,,unit,2310,,Pro mech pipette.png,Pro mech pipette.png
FAP-2.5,ACCUMAX PRO Fix Volume Micropipette 2.5  (FAP-205),Neuation / Accumax,Pipettes,,unit,1870,,Pro mech pipette.png,Pro mech pipette.png
FAP-5,ACCUMAX PRO Fix Volume Micropipette 5  (FAP-5),Neuation / Accumax,Pipettes,,unit,1870,,Pro mech pipette.png,Pro mech pipette.png
FAP-10,ACCUMAX PRO Fix Volume Micropipette 10  (FAP-10),Neuation / Accumax,Pipettes,,unit,1870,,Pro mech pipette.png,Pro mech pipette.png
FAP-20,ACCUMAX PRO Fix Volume Micropipette 20  (FAP-20),Neuation / Accumax,Pipettes,,unit,1870,,Pro mech pipette.png,Pro mech pipette.png
FAP-25,ACCUMAX PRO Fix Volume Micropipette 25  (FAP-25),Neuation / Accumax,Pipettes,,unit,1870,,Pro mech pipette.png,Pro mech pipette.png
FAP-50,ACCUMAX PRO Fix Volume Micropipette 50  (FAP-50),Neuation / Accumax,Pipettes,,unit,1870,,Pro mech pipette.png,Pro mech pipette.png
FAP-100,ACCUMAX PRO Fix Volume Micropipette 100  (FAP-100),Neuation / Accumax,Pipettes,,unit,1870,,Pro mech pipette.png,Pro mech pipette.png
FAP-200,ACCUMAX PRO Fix Volume Micropipette 200  (FAP-200),Neuation / Accumax,Pipettes,,unit,1870,,Pro mech pipette.png,Pro mech pipette.png
FAP-250,ACCUMAX PRO Fix Volume Micropipette 250 (FAP-250),Neuation / Accumax,Pipettes,,unit,1870,,Pro mech pipette.png,Pro mech pipette.png
FAP-500,ACCUMAX PRO Fix Volume Micropipette 500 (FAP-500),Neuation / Accumax,Pipettes,,unit,1870,,Pro mech pipette.png,Pro mech pipette.png
FAP-1000,ACCUMAX PRO Fix Volume Micropipette 1000 (FAP-1000),Neuation / Accumax,Pipettes,,unit,1870,,Pro mech pipette.png,Pro mech pipette.png
FAP-2000,ACCUMAX PRO Fix Volume Micropipette 2000  (FAP-2000),Neuation / Accumax,Pipettes,,unit,1980,,Pro mech pipette.png,Pro mech pipette.png
FAP-5000,ACCUMAX PRO Fix Volume Micropipette 5000  (FAP-5000),Neuation / Accumax,Pipettes,,unit,1980,,Pro mech pipette.png,Pro mech pipette.png
FAP-10000,ACCUMAX PRO Fix Volume Micropipette 10000  (FAP-10000),Neuation / Accumax,Pipettes,,unit,1980,,Pro mech pipette.png,Pro mech pipette.png
MAP8-010,RPM P 0.5-10 (8) ACCUMAX (MAP 8-010),Neuation / Accumax,Pipettes,,unit,17105,,,
MAP8-050,RPM P 5-50 (8) ACCUMAX (MAP 8-050),Neuation / Accumax,Pipettes,,unit,17105,,,
MAP8-100,RPM P 10-100 (8) ACCUMAX (MAP 8-100),Neuation / Accumax,Pipettes,,unit,17105,,,
MAP8-200,RPM P 20-200 (8) ACCUMAX (MAP 8-200),Neuation / Accumax,Pipettes,,unit,17105,,,
MAP8-300,RPM P 30-300 (8) ACCUMAX (MAP 8-300),Neuation / Accumax,Pipettes,,unit,17105,,,
MAP12-010,RPM P 0.5-10 (12) ACCUMAX (MAP 12-010),Neuation / Accumax,Pipettes,,unit,19965,,,
MAP12-050,RPM P 5-50 (12) ACCUMAX (MAP 12-050),Neuation / Accumax,Pipettes,,unit,19965,,,
MAP12-100,RPM P 10-100 (12) ACCUMAX (MAP 12-100),Neuation / Accumax,Pipettes,,unit,19965,,,
MAP12-200,RPM P 20-200 (12) ACCUMAX (MAP 12-200),Neuation / Accumax,Pipettes,,unit,19965,,,
MAP12-300,RPM P 30-300 (12) ACCUMAX (MAP 12-300),Neuation / Accumax,Pipettes,,unit,19965,,,
AFV-2.5,Fab PIPETTE DP 0.1-2.5 µL (AFV-2.5),Neuation / Accumax,Pipettes,,unit,12584,,AFV.png,
AFV-10,DP 0.5-10 µL (AFV-10),Neuation / Accumax,Pipettes,,unit,12584,,AFV.png,
AFV-20,DP 2-20 µL (AFV-20),Neuation / Accumax,Pipettes,,unit,12584,,AFV.png,
AFV-50,DP 5-50 µL (AFV-50),Neuation / Accumax,Pipettes,,unit,12584,,AFV.png,
AFV-100,DP 10-100 µL (AFV-100),Neuation / Accumax,Pipettes,,unit,12584,,AFV.png,
AFV-200,DP 20-200 µL (AFV-200),Neuation / Accumax,Pipettes,,unit,12584,,AFV.png,
AFV-1000,DP 100-1000 µL (AFV-1000),Neuation / Accumax,Pipettes,,unit,12584,,AFV.png,
AFV-5000,DP 1000-5000 µL (AFV-5000),Neuation / Accumax,Pipettes,,unit,13087,,AFV.png,
AFV-10000,DP 1000-10000 µL (AFV-10000),Neuation / Accumax,Pipettes,,unit,13590,,AFV.png,
AFF-2.5,DPF 2.5 µL (AFF-250),Neuation / Accumax,Pipettes,,unit,8468,,AFV.png,
AFF-250,DPF 250 µL (AFF-250),Neuation / Accumax,Pipettes,,unit,8468,,AFV.png,
AFF-5,DPF 5 µL (AFF-5),Neuation / Accumax,Pipettes,,unit,8468,,AFV.png,
AFF-10,DPF 10 µL (AFF-10),Neuation / Accumax,Pipettes,,unit,8468,,AFV.png,
AFF-20,DPF 20 µL (AFF-20),Neuation / Accumax,Pipettes,,unit,8468,,AFV.png,
AFF-25,DPF 25 µL (AFF-25),Neuation / Accumax,Pipettes,,unit,8468,,AFV.png,
AFF-50,DPF 50 µL (AFF-50),Neuation / Accumax,Pipettes,,unit,8468,,AFV.png,
AFF-100,DPF 100 µL (AFF-100),Neuation / Accumax,Pipettes,,unit,8468,,AFV.png,
AFF-200,DPF 200 µL (AFF-200),Neuation / Accumax,Pipettes,,unit,8468,,AFV.png,
AFF-500,DPF 500 µL (AFF-500),Neuation / Accumax,Pipettes,,unit,8468,,AFV.png,
AFF-1000,DPF 1000 µL (AFF-1000),Neuation / Accumax,Pipettes,,unit,8468,,AFV.png,
AFF-2000,DPF 2000 µL (AFF-2000),Neuation / Accumax,Pipettes,,unit,8468,,AFV.png,
AFF-5000,DPF 5000 µL (AFF-5000),Neuation / Accumax,Pipettes,,unit,8807,,AFV.png,
AFF-10000,DPF 10000 µL (AFF-10000),Neuation / Accumax,Pipettes,,unit,9146,,AFV.png,
AFM8-010,DPM 0.5-10 (8) (AFM8-010),Neuation / Accumax,Other,,unit,30961,,,
AFM8-020,DPM 2-20 (8) (AFM8-020),Neuation / Accumax,Other,,unit,30961,,,
AFM8-050,DPM 5-50 (8) (AFM8-050),Neuation / Accumax,Other,,unit,30961,,,
AFM8-100,DPM 10-100 (8) (AFM8-100),Neuation / Accumax,Other,,unit,30961,,,
AFM8-200,DPM 20-200 (8) (AFM8-200),Neuation / Accumax,Other,,unit,30961,,,
AFM8-300,DPM 30-300 (8) (AFM8-300),Neuation / Accumax,Other,,unit,30961,,,
AFM8-1200,DPM 120-1200 (8) (AFM8-1200),Neuation / Accumax,Other,,unit,33128,,,
AFM12-010,DPM 0.5-10 (12) (AFM12-010),Neuation / Accumax,Other,,unit,38854,,,
AFM12-020,DPM 2-20 (12) (AFM12-020),Neuation / Accumax,Other,,unit,38854,,,
AFM12-050,DPM 5-50 (12) (AFM12-050),Neuation / Accumax,Other,,unit,38854,,,
AFM12-100,DPM 10-100 (12) (AFM12-100),Neuation / Accumax,Other,,unit,38854,,,
AFM12-200,DPM 20-200 (12) (AFM12-200),Neuation / Accumax,Other,,unit,38854,,,
AFM12-300,DPM 30-300 (12) (AFM12-300),Neuation / Accumax,Other,,unit,38854,,,
AFM12-1200,DPM 120-1200 (12) (AFM12-1200),Neuation / Accumax,Other,,unit,41574,,,
AE-10,ACCUMAX Electronic Pipette - Single Channel 0.5-10 (AE-10)(PFE-10),Neuation / Accumax,Pipettes,,unit,36828,,Elec pipette.png,Elec pipette desc.png
AE-100,ACCUMAX Electronic Pipette - Single Channel 5-100 (AE-100)(PEF-100),Neuation / Accumax,Pipettes,,unit,36828,,Elec pipette.png,Elec pipette desc.png
AE-200,ACCUMAX Electronic Pipette - Single Channel 10-200 (AE-200)(PFE-200),Neuation / Accumax,Pipettes,,unit,36828,,Elec pipette.png,Elec pipette desc.png
AE-1000,ACCUMAX Electronic Pipette - Single Channel 50-1000 (AE-1000)(PEF-1000),Neuation / Accumax,Pipettes,,unit,36828,,Elec pipette.png,Elec pipette desc.png
AE-5000,ACCUMAX Electronic Pipette - Single Channel 250-5000 (AE-5000)(PFE-5000),Neuation / Accumax,Pipettes,,unit,39204,,Elec pipette.png,Elec pipette desc.png
AE-8-10,ACCUMAX Electronic pipette 0.5-10 (8) (AE-8-10)(PFE-8-10),Neuation / Accumax,Pipettes,,unit,53460,,Elec pipette.png,Elec pipette desc.png
AE-8-20,ACCUMAX Electronic pipette 2-20 (8) (AE-8-20)(PFE-8-20),Neuation / Accumax,Pipettes,,unit,53460,,Elec pipette.png,Elec pipette desc.png
AE-8-100,ACCUMAX Electronic pipette 5-100 (8) (AE-8-100)(PFE-8-100),Neuation / Accumax,Pipettes,,unit,53460,,Elec pipette.png,Elec pipette desc.png
AE-8-200,ACCUMAX Electronic pipette 10-200 (8) (AE-8-200)(PFE-8-200),Neuation / Accumax,Pipettes,,unit,53460,,Elec pipette.png,Elec pipette desc.png
AE-8-300,ACCUMAX Electronic pipette 15-300 (8) (AE-8-300)(PFE-8-300),Neuation / Accumax,Pipettes,,unit,53460,,Elec pipette.png,Elec pipette desc.png
AE-8-1200,ACCUMAX Electronic pipette 50-1200 (8) (AE-8-1200)(PFE-8-1200),Neuation / Accumax,Pipettes,,unit,72170,,Elec pipette.png,Elec pipette desc.png
AE-12-10,ACCUMAX Electronic pipette 0.5-10 (12) (AE-12-10)(PFE-12-10),Neuation / Accumax,Pipettes,,unit,60588,,Elec pipette.png,Elec pipette desc.png
AE-12-20,ACCUMAX Electronic pipette 2-20 (12) (AE-12-20)(PFE-12-20),Neuation / Accumax,Pipettes,,unit,60588,,Elec pipette.png,Elec pipette desc.png
AE-12-100,ACCUMAX Electronic pipette 5-100 (12) (AE-12-100)(PFE-12-100),Neuation / Accumax,Pipettes,,unit,60588,,Elec pipette.png,Elec pipette desc.png
AE-12-200,ACCUMAX Electronic pipette 10-200 (12) (AE-12-200)(PFE-12-200),Neuation / Accumax,Pipettes,,unit,60588,,Elec pipette.png,Elec pipette desc.png
AE-12-300,ACCUMAX Electronic pipette 15-300 (12) (AE-12-300)(PFE-12-300),Neuation / Accumax,Pipettes,,unit,60588,,Elec pipette.png,Elec pipette desc.png
AE-12-1200,ACCUMAX Electronic pipette 50-1200 (12) (AE-12-1200)(PFE-12-1200),Neuation / Accumax,Pipettes,,unit,81790,,Elec pipette.png,Elec pipette desc.png
AJ-5,JR Pipette 5 ACCUMAX (AJ-005),Neuation / Accumax,Other,,unit,715,,JR pipette.png,JR pipette desc.png
AJ-10,JR Pipette 10 ACCUMAX (AJ-010),Neuation / Accumax,Other,,unit,715,,JR pipette.png,JR pipette desc.png
AJ-20,JR Pipette 20 ACCUMAX (AJ-020),Neuation / Accumax,Other,,unit,715,,JR pipette.png,JR pipette desc.png
AJ-25,JR Pipette 25 ACCUMAX (AJ-025),Neuation / Accumax,Other,,unit,715,,JR pipette.png,JR pipette desc.png
AJ-50,JR Pipette 50 ACCUMAX (AJ-050),Neuation / Accumax,Other,,unit,715,,JR pipette.png,JR pipette desc.png
AJ-100,JR Pipette 100 ACCUMAX (AJ-100),Neuation / Accumax,Other,,unit,715,,JR pipette.png,JR pipette desc.png
AJ-200,JR Pipette 200 ACCUMAX (AJ-200),Neuation / Accumax,Other,,unit,935,,JR pipette.png,JR pipette desc.png
VA-100,VA-FA Mechanical Pipette 0.5-10 ACCUMAX (VA-100),Neuation / Accumax,Pipettes,,unit,1815,,VA-FA Mech pipette.png,VA-FA mech pipette.png
VA-125,VA-FA Mechanical Pipette 0.1-2.5 ACCUMAX (VA-125),Neuation / Accumax,Pipettes,,unit,1815,,VA-FA Mech pipette.png,VA-FA mech pipette.png
VA-200,VA-FA Mechanical Pipette 5-50 ACCUMAX (VA-200),Neuation / Accumax,Pipettes,,unit,1815,,VA-FA Mech pipette.png,VA-FA mech pipette.png
VA-300,VA-FA Mechanical Pipette 50-200 ACCUMAX (VA-300),Neuation / Accumax,Pipettes,,unit,1815,,VA-FA Mech pipette.png,VA-FA mech pipette.png
VA-400,VA-FA Mechanical Pipette 200-1000 ACCUMAX (VA-400),Neuation / Accumax,Pipettes,,unit,1815,,VA-FA Mech pipette.png,VA-FA mech pipette.png
VA-500,VA-FA Mechanical Pipette 10-100 ACCUMAX (VA-500),Neuation / Accumax,Pipettes,,unit,1815,,VA-FA Mech pipette.png,VA-FA mech pipette.png
VA-600,VA-FA Mechanical Pipette 100-1000 ACCUMAX (VA-600),Neuation / Accumax,Pipettes,,unit,1815,,VA-FA Mech pipette.png,VA-FA mech pipette.png
VA-700,VA-FA Mechanical Pipette 2-20 ACCUMAX (VA-700),Neuation / Accumax,Pipettes,,unit,1815,,VA-FA Mech pipette.png,VA-FA mech pipette.png
VA-800,VA-FA Mechanical Pipette 20-200 ACCUMAX (VA-800),Neuation / Accumax,Pipettes,,unit,1815,,VA-FA Mech pipette.png,VA-FA mech pipette.png
VA-900,VA-FA Mechanical Pipette 1000-5000 ACCUMAX (VA-900),Neuation / Accumax,Pipettes,,unit,2035,,VA-FA Mech pipette.png,VA-FA mech pipette.png
VA-905,VA-FA Mechanical Pipette 500-5000 ACCUMAX (VA-905),Neuation / Accumax,Pipettes,,unit,2035,,VA-FA Mech pipette.png,VA-FA mech pipette.png
VA-1000,VA-FA Mechanical Pipette 1000-10000 ACCUMAX (VA-1000),Neuation / Accumax,Pipettes,,unit,2035,,VA-FA Mech pipette.png,VA-FA mech pipette.png
VA-1005,VA-FA Mechanical Pipette 500-10000 ACCUMAX (VA-1005),Neuation / Accumax,Pipettes,,unit,2035,,VA-FA Mech pipette.png,VA-FA mech pipette.png
FA-2.5,ACCUMAX VA-FA Fix Volume Micropipette (FA-2.5),Neuation / Accumax,Pipettes,,unit,1540,,VA-FA Mech pipette.png,VA-FA mech pipette.png
FA-250,ACCUMAX VA-FA Fix Volume Micropipette (FA-250),Neuation / Accumax,Pipettes,,unit,1540,,VA-FA Mech pipette.png,VA-FA mech pipette.png
FA-5,ACCUMAX VA-FA Fix Volume Micropipette (FA-5),Neuation / Accumax,Pipettes,,unit,1540,,VA-FA Mech pipette.png,VA-FA mech pipette.png
FA-10,ACCUMAX VA-FA Fix Volume Micropipette (FA-10),Neuation / Accumax,Pipettes,,unit,1540,,VA-FA Mech pipette.png,VA-FA mech pipette.png
FA-20,ACCUMAX VA-FA Fix Volume Micropipette (FA-20),Neuation / Accumax,Pipettes,,unit,1540,,VA-FA Mech pipette.png,VA-FA mech pipette.png
FA-25,ACCUMAX VA-FA Fix Volume Micropipette (FA-25),Neuation / Accumax,Pipettes,,unit,1540,,VA-FA Mech pipette.png,VA-FA mech pipette.png
FA-50,ACCUMAX VA-FA Fix Volume Micropipette (FA-50),Neuation / Accumax,Pipettes,,unit,1540,,VA-FA Mech pipette.png,VA-FA mech pipette.png
FA-100,ACCUMAX VA-FA Fix Volume Micropipette (FA-100),Neuation / Accumax,Pipettes,,unit,1540,,VA-FA Mech pipette.png,VA-FA mech pipette.png
FA-200,ACCUMAX VA-FA Fix Volume Micropipette (FA-200),Neuation / Accumax,Pipettes,,unit,1540,,VA-FA Mech pipette.png,VA-FA mech pipette.png
FA-500,ACCUMAX VA-FA Fix Volume Micropipette (FA-500),Neuation / Accumax,Pipettes,,unit,1540,,VA-FA Mech pipette.png,VA-FA mech pipette.png
FA-1000,ACCUMAX VA-FA Fix Volume Micropipette (FA-1000),Neuation / Accumax,Pipettes,,unit,1540,,VA-FA Mech pipette.png,VA-FA mech pipette.png
FA-2000,ACCUMAX VA-FA Fix Volume Micropipette (FA-2000),Neuation / Accumax,Pipettes,,unit,1705,,VA-FA Mech pipette.png,VA-FA mech pipette.png
FA-5000,ACCUMAX VA-FA Fix Volume Micropipette (FA-5000),Neuation / Accumax,Pipettes,,unit,1705,,VA-FA Mech pipette.png,VA-FA mech pipette.png
FA-10000,ACCUMAX VA-FA Fix Volume Micropipette (FA-10000),Neuation / Accumax,Pipettes,,unit,1705,,VA-FA Mech pipette.png,VA-FA mech pipette.png
MA8-010,ACCUMAX  Multi channel pipettes 0.5-10 (8) (MA 8-010),Neuation / Accumax,Pipettes,,unit,16005,,VA-FA Mech pipette.png,VA-FA mech pipette.png
MA8-050,ACCUMAX  Multi channel pipettes 5-50 (8)  (MA 8-050),Neuation / Accumax,Pipettes,,unit,16005,,VA-FA Mech pipette.png,VA-FA mech pipette.png
MA8-100, ACCUMAX  Multi channel pipettes 10-100 (8) (MA 8-100),Neuation / Accumax,Pipettes,,unit,16005,,VA-FA Mech pipette.png,VA-FA mech pipette.png
MA8-200,ACCUMAX  Multi channel pipettes 20-200 (8)  (MA 8-200),Neuation / Accumax,Pipettes,,unit,16005,,VA-FA Mech pipette.png,VA-FA mech pipette.png
MA8-300,ACCUMAX  Multi channel pipettes 30-300 (8)  (MA 8-300),Neuation / Accumax,Pipettes,,unit,16005,,VA-FA Mech pipette.png,VA-FA mech pipette.png
MA12-010,ACCUMAX  Multi channel pipettes 0.5-10 (12)  (MA 12-010),Neuation / Accumax,Pipettes,,unit,19085,,VA-FA Mech pipette.png,VA-FA mech pipette.png
MA12-050,ACCUMAX  Multi channel pipettes 5-50 (12)  (MA 12-050),Neuation / Accumax,Pipettes,,unit,19085,,VA-FA Mech pipette.png,VA-FA mech pipette.png
MA12-100, ACCUMAX  Multi channel pipettes 10-100 (12)  (MA 12-100),Neuation / Accumax,Pipettes,,unit,19085,,VA-FA Mech pipette.png,VA-FA mech pipette.png
MA12-200, ACCUMAX  Multi channel pipettes 20-200 (12)  (MA 12-200),Neuation / Accumax,Pipettes,,unit,19085,,VA-FA Mech pipette.png,VA-FA mech pipette.png
MA12-300, ACCUMAX  Multi channel pipettes 30-300 (12)  (MA 12-300),Neuation / Accumax,Pipettes,,unit,19085,,VA-FA Mech pipette.png,VA-FA mech pipette.png
ADR – 2.5,ACCUMAX BOTTLE TOP DISPENSER W/ Re-circulation 0.25-2.5 ML (ADR-2.5)(PDR-2.5),Neuation / Accumax,Other,,unit,14440,,bottle top dispenser.png,bottle top dispenser desc.png
ADR – 05,ACCUMAX BOTTLE TOP DISPENSER W/ Re-circulation 0.5-5 ML (ADR-05)(PDR-05),Neuation / Accumax,Other,,unit,14440,,bottle top dispenser.png,bottle top dispenser desc.png
ADR – 10,ACCUMAX BOTTLE TOP DISPENSER W/ Re-circulation 1-10 ML (ADR-10)(PDR-10),Neuation / Accumax,Other,,unit,14440,,bottle top dispenser.png,bottle top dispenser desc.png
ADR – 25,ACCUMAX BOTTLE TOP DISPENSER W/ Re-circulation 2.5-25 ML (ADR-25)(PDR-25),Neuation / Accumax,Other,,unit,17325,,bottle top dispenser.png,bottle top dispenser desc.png
ADR – 30,ACCUMAX BOTTLE TOP DISPENSER W/ Re-circulation 2.5-30 ML (ADR-30)(PDR-30),Neuation / Accumax,Other,,unit,17325,,bottle top dispenser.png,bottle top dispenser desc.png
ADR – 50,ACCUMAX BOTTLE TOP DISPENSER W/ Re-circulation 5-50 ML (ADR-50)(PDR-50),Neuation / Accumax,Other,,unit,17325,,bottle top dispenser.png,bottle top dispenser desc.png
ADR – 60,ACCUMAX BOTTLE TOP DISPENSER W/ Re-circulation 5-60 ML (ADR-60)(PDR-60),Neuation / Accumax,Other,,unit,17325,,bottle top dispenser.png,bottle top dispenser desc.png
ADR – 100,ACCUMAX BOTTLE TOP DISPENSER W/ Re-circulation 10-100 ML (ADR-100)(PDR-100),Neuation / Accumax,Other,,unit,19050,,bottle top dispenser.png,bottle top dispenser desc.png
AD – 2.5,ACCUMAX BOTTLE TOP DISPENSER W/O Re-circulation 0.25-2.5 ML (AD-2.5)(PD-2.5),Neuation / Accumax,Other,,unit,12500,,bottle top dispenser.png,bottle top dispenser desc.png
AD – 05,ACCUMAX BOTTLE TOP DISPENSER W/O Re-circulation 0.5-5 ML (AD-05)(PD-05),Neuation / Accumax,Other,,unit,12500,,bottle top dispenser.png,bottle top dispenser desc.png
AD – 10,ACCUMAX BOTTLE TOP DISPENSER W/O Re-circulation 1-10 ML (AD-10)(PD-10),Neuation / Accumax,Other,,unit,12500,,bottle top dispenser.png,bottle top dispenser desc.png
AD – 25,ACCUMAX BOTTLE TOP DISPENSER W/O Re-circulation 2.5-25 ML (AD-25)(PD-25),Neuation / Accumax,Other,,unit,13755,,bottle top dispenser.png,bottle top dispenser desc.png
AD – 30,ACCUMAX BOTTLE TOP DISPENSER W/O Re-circulation 2.5-30 ML (AD-30)(PD-30),Neuation / Accumax,Other,,unit,13755,,bottle top dispenser.png,bottle top dispenser desc.png
AD – 50,ACCUMAX BOTTLE TOP DISPENSER W/O Re-circulation 5-50 ML (AD-50)(PD-50),Neuation / Accumax,Other,,unit,13755,,bottle top dispenser.png,bottle top dispenser desc.png
AD – 60,ACCUMAX BOTTLE TOP DISPENSER W/O Re-circulation 5-60 ML (AD-60)(PD-60),Neuation / Accumax,Other,,unit,13755,,bottle top dispenser.png,bottle top dispenser desc.png
AD – 100,ACCUMAX BOTTLE TOP DISPENSER W/O Re-circulation 10-100 ML (AD-100)(PD-100),Neuation / Accumax,Other,,unit,15840,,bottle top dispenser.png,bottle top dispenser desc.png
ADA-01,AD00_PIN_0089_03A_P_0_THREAD CAP (28MM),Neuation / Accumax,Other,,unit,308,,,
ADA-02,AD00_PIN_0090_03A_P_0_THREAD CAP (38MM),Neuation / Accumax,Other,,unit,737,,,
ADA-03,AD00_PIN_0091_03A_P_0_THREAD CAP (40MM),Neuation / Accumax,Other,,unit,616,,,
ADA-04,AD00_PIN_0092_03A_P_0_THREAD CAP (45MM),Neuation / Accumax,Other,,unit,715,,,
PH01-R,PIPETTE CONTROLLER RED ACCUMAX (PH01-R),Neuation / Accumax,Other,,unit,19415,,Pipette Controller.png,Pipette Controller desc.png
PH01-O,PIPETTE CONTROLLER ORANGE ACCUMAX (PH01-O),Neuation / Accumax,Other,,unit,19415,,Pipette Controller.png,Pipette Controller desc.png
PH01-G,PIPETTE CONTROLLER GREEN ACCUMAX (PH01-G),Neuation / Accumax,Other,,unit,19415,,Pipette Controller.png,Pipette Controller desc.png
PH01-B,PIPETTE CONTROLLER BLUE ACCUMAX (PH01-B),Neuation / Accumax,Other,,unit,19415,,Pipette Controller.png,Pipette Controller desc.png
8-100-32-9,DP 0.1-2.5 µL (ALFV-2.5),Neuation / Accumax,Other,,unit,13708,,,
8-101-32-9,DP 0.5-10 µL (ALFV-10),Neuation / Accumax,Other,,unit,13708,,,
8-102-32-9,DP 2-20 µL (ALFV-20),Neuation / Accumax,Other,,unit,13708,,,
8-103-32-9,DP 5-50 µL (ALFV-50),Neuation / Accumax,Other,,unit,13708,,,
8-104-32-9,DP 10-100 µL (ALFV-100),Neuation / Accumax,Other,,unit,13708,,,
8-105-32-9,DP 20-200 µL (ALFV-200),Neuation / Accumax,Other,,unit,13708,,,
8-106-32-9,DP 100-1000 µL (ALFV-1000),Neuation / Accumax,Other,,unit,13708,,,
8-000-32-9,DPF 2.5 µL (ALFF-205),Neuation / Accumax,Other,,unit,8911,,,
8-001-32-9,DPF 5 µL (ALFF-5),Neuation / Accumax,Other,,unit,8911,,,
8-002-32-9,DPF 10 µL (ALFF-10),Neuation / Accumax,Other,,unit,8911,,,
8-003-32-9,DPF 20 µL (ALFF-20),Neuation / Accumax,Other,,unit,8911,,,
8-004-32-9,DPF 25 µL (ALFF-25),Neuation / Accumax,Other,,unit,8911,,,
8-007-32-9,DPF 50 µL (ALFF-50),Neuation / Accumax,Other,,unit,8911,,,
8-008-32-9,DPF 100 µL (ALFF-100),Neuation / Accumax,Other,,unit,8911,,,
8-009-32-9,DPF 200 µL (ALFF-200),Neuation / Accumax,Other,,unit,8911,,,
8-010-32-9,DPF 250 µL (ALFF-250),Neuation / Accumax,Other,,unit,8911,,,
8-011-32-9,DPF 500 µL (ALFF-500),Neuation / Accumax,Other,,unit,8911,,,
8-012-32-9,DPF 1000 µL (ALFF-1000),Neuation / Accumax,Other,,unit,8911,,,
8-201-32-9,DPM 0.5-10 (8) (ALFM8-010),Neuation / Accumax,Other,,unit,34690,,,
8-205-32-9,DPM 2-20 (8) (ALFM8-020),Neuation / Accumax,Other,,unit,34690,,,
8-202-32-9,DPM 5-50 (8) (ALFM8-050),Neuation / Accumax,Other,,unit,34690,,,
8-204-32-9,DPM 10-100 (8) (ALFM8-100),Neuation / Accumax,Other,,unit,34690,,,
8-206-32-9,DPM 20-200 (8) (ALFM8-200),Neuation / Accumax,Other,,unit,34690,,,
8-203-32-9,DPM 30-300 (8) (ALFM8-300),Neuation / Accumax,Other,,unit,34690,,,
8-401-32-9,DPM 0.5-10 (12) (ALFM12-010),Neuation / Accumax,Other,,unit,41115,,,
8-405-32-9,DPM 2-20 (12) (ALFM12-020),Neuation / Accumax,Other,,unit,41115,,,
8-402-32-9,DPM 5-50 (12) (ALFM12-050),Neuation / Accumax,Other,,unit,41115,,,
8-404-32-9,DPM 10-100 (12) (ALFM12-100),Neuation / Accumax,Other,,unit,41115,,,
8-406-32-9,DPM 20-200 (12) (ALFM12-200),Neuation / Accumax,Other,,unit,41115,,,
8-403-32-9,DPM 30-300 (12) (ALFM12-300),Neuation / Accumax,Other,,unit,41115,,,
AP-1-B,ACCUMAX Transfer Pipette AP-1-B ( 500 X 10 PACKS ),Neuation / Accumax,Pipettes,,pack,8655,,Transfer pipette.png,Transfer pipette desc.png
AP-1-B-S,ACCUMAX Transfer Pipette AP-1-B-S ( 10 X 50 BAGS X 10 PACKS ),Neuation / Accumax,Pipettes,,pack,10819,,Transfer pipette.png,Transfer pipette desc.png
AP-1-S-W,ACCUMAX Transfer Pipette AP-1-S-W (300),Neuation / Accumax,Pipettes,,unit,1400,,Transfer pipette.png,Transfer pipette desc.png
AP-3-B,ACCUMAX Transfer Pipette AP-3-B ( 500 X 10 PACKS ),Neuation / Accumax,Pipettes,,pack,9080,,Transfer pipette.png,Transfer pipette desc.png
AP-3-B-S,ACCUMAX Transfer Pipette AP-3-B-S ( 50 X 10 BAGS X 10 PACKS ),Neuation / Accumax,Pipettes,,pack,11350,,Transfer pipette.png,Transfer pipette desc.png
AP-3-S-W,ACCUMAX Transfer Pipette AP-3-S-W (300),Neuation / Accumax,Pipettes,,unit,1500,,Transfer pipette.png,Transfer pipette desc.png
AST-005-T-C,Accumax 0.5ml Self Standing Screw Cap Tube with Cap,Neuation / Accumax,Other,,pack,6041,,ACCUMAX SCREW CAP TUBES.png,ACCUMAX SCREW CAP TUBES desc.png
AST-005-T-S-C,"Accumax 0.5ml Self Standing Screw Cap Tube, Sterile with Cap",Neuation / Accumax,Other,,pack,6725,,ACCUMAX SCREW CAP TUBES.png,ACCUMAX SCREW CAP TUBES desc.png
AST-005-L-T-S-C,"Accumax 0.5ml Self Standing Low Retention Screw Cap Tube, Sterile with Cap",Neuation / Accumax,Other,,pack,47305,,ACCUMAX SCREW CAP TUBES.png,ACCUMAX SCREW CAP TUBES desc.png
ASCT-015-T-C,ASCT-015-T-C (100 + 100) SET X 10 BAGS X 5 PACKS,Neuation / Accumax,Other,,pack,30206,,,
AST-015-T-C,Accumax 1.5ml Self Standing Screw Cap Tube with Cap,Neuation / Accumax,Other,,pack,30206,,ACCUMAX SCREW CAP TUBES.png,ACCUMAX SCREW CAP TUBES desc.png
ASCT-015-T-S-C,ASCT-015-T-S-C (100 + 100) SET X 10 BAGS X 5 PACKS,Neuation / Accumax,Other,,pack,33626,,,
AST-015-T-S-C,"Accumax 1.5ml Self Standing Screw Cap Tube, Sterile with Cap",Neuation / Accumax,Other,,pack,33626,,ACCUMAX SCREW CAP TUBES.png,ACCUMAX SCREW CAP TUBES desc.png
ASCT-015-L-T-S-C,ASCT-015-L-T-S-C (100 + 100) SET X 10 BAGS X 5 PACKS,Neuation / Accumax,Other,,pack,47305,,,
AST-015-L-T-S-C,"Accumax 1.5ml Self Standing Low Retention Screw Cap Tube, Sterile with Cap",Neuation / Accumax,Other,,pack,47305,,ACCUMAX SCREW CAP TUBES.png,ACCUMAX SCREW CAP TUBES desc.png
ASCT-020-T-C,ASCT-020-T-C (100 + 100) SET X 10 BAGS X 5 PACKS,Neuation / Accumax,Other,,pack,30206,,,
AST-020-T-C,Accumax 2ml Self Standing Screw Cap Tube with Cap,Neuation / Accumax,Other,,pack,30206,,ACCUMAX SCREW CAP TUBES.png,ACCUMAX SCREW CAP TUBES desc.png
ASCT-020-T-S-C,ASCT-020-T-S-C (100 + 100) SET X 10 BAGS X 5 PACKS,Neuation / Accumax,Other,,pack,33626,,,
AST-020-T-S-C,"Accumax 2ml Self Standing Screw Cap Tube, Sterile with Cap",Neuation / Accumax,Other,,pack,33626,,ACCUMAX SCREW CAP TUBES.png,ACCUMAX SCREW CAP TUBES desc.png
ASCT-020-L-T-S-C,ASCT-020-L-T-S-C (100 + 100) SET X 10 BAGS X 5 PACKS,Neuation / Accumax,Other,,pack,47305,,,
AST-020-L-T-S-C,"Accumax 2ml Self Standing Low Retention Screw Cap Tube, Sterile with Cap",Neuation / Accumax,Other,,pack,47305,,ACCUMAX SCREW CAP TUBES.png,ACCUMAX SCREW CAP TUBES desc.png
AST-015-A-T-C,Accumax 1.5ml Amber Self Standing Screw Cap Tube with Cap,Neuation / Accumax,Other,,pack,33799,,ACCUMAX SCREW CAP TUBES.png,ACCUMAX SCREW CAP TUBES desc.png
AST-015-A-T-S-C,"Accumax 1.5ml Amber Self Standing Screw Cap Tube, Sterile with Cap",Neuation / Accumax,Other,,pack,37616,,ACCUMAX SCREW CAP TUBES.png,ACCUMAX SCREW CAP TUBES desc.png
AST-015-L-A-T-S-C,"Accumax 1.5ml Amber Self Standing Low Retention Screw Cap Tube, Sterile with Cap",Neuation / Accumax,Other,,pack,47305,,ACCUMAX SCREW CAP TUBES.png,ACCUMAX SCREW CAP TUBES desc.png
SCPF-01,SC WFV 1PORT_1FILTER (4),Neuation / Accumax,Other,,unit,13570,,,
SCPF-02,SC WFV 2PORT_1FILTER (4),Neuation / Accumax,Other,,unit,13570,,,
SCPF-03,SC WFV 3PORT_1FILTER (4),Neuation / Accumax,Other,,unit,13570,,,
SCPF-04,SC WFV 4PORT_1FILTER (4),Neuation / Accumax,Other,,unit,13570,,,
SCPF-05,SC WFV 5PORT_1FILTER (4),Neuation / Accumax,Other,,unit,13570,,,
SCPF-A,SC VALVE ACCESSORIES (4),Neuation / Accumax,Other,,unit,5500,,,
AJ-06,STAND ASS_329_JP_6 PLACE (JP-23),Neuation / Accumax,Other,,unit,605,,,
SA-100,STAND ASS_340_RP_4 PLACE WHITE (REG),Neuation / Accumax,Other,,unit,2178,,,
SA-200,STAND ASS_341_RP_6 PLACE WHITE (REG),Neuation / Accumax,Other,,unit,2541,,,
FS-01,STAND ASS_346_DP_CAROUSEL-6 (FS-01),Neuation / Accumax,Other,,unit,4114,,,
FS-02,DP01_PIN_0018_01A_P_0_STAND,Neuation / Accumax,Other,,unit,4114,,,
AE-CS-01,STAND ASS_330_AE_AUTO CHRGNG STND (AE-CS-01),Neuation / Accumax,Other,,unit,6344,,,
AE-S-01,STAND ASS_328_AE_1 PLACE STND,Neuation / Accumax,Other,,unit,2832,,,
MLX05N,ACB-05 (36),Neuation / Accumax,Other,,unit,21240,,,
MLX05B,ACB-05-B (36),Neuation / Accumax,Other,,unit,21240,,,
MLX05R,ACB-05-R (36),Neuation / Accumax,Other,,unit,21240,,,
MLX05G,ACB-05-G (36),Neuation / Accumax,Other,,unit,21240,,,
MLX05Y,ACB-05-Y (36),Neuation / Accumax,Other,,unit,21240,,,
MLX1N,ACB-10 (36),Neuation / Accumax,Other,,unit,21240,,,
MLX1B,ACB-10-B (36),Neuation / Accumax,Other,,unit,21240,,,
MLX1R,ACB-10-R (36),Neuation / Accumax,Other,,unit,21240,,,
MLX1G,ACB-10-G (36),Neuation / Accumax,Other,,unit,21240,,,
MLX1Y,ACB-10-Y (36),Neuation / Accumax,Other,,unit,21240,,,
MLX2N,ACB-20 (36),Neuation / Accumax,Other,,unit,21240,,,
MLX2B,ACB-20-B (36),Neuation / Accumax,Other,,unit,21240,,,
MLX2R,ACB-20-R (36),Neuation / Accumax,Other,,unit,21240,,,
MLX2G,ACB-20-G (36),Neuation / Accumax,Other,,unit,21240,,,
MLX2Y,ACB-20-Y (36),Neuation / Accumax,Other,,unit,21240,,,
MLX4N,ACB-40 (36),Neuation / Accumax,Other,,unit,31860,,,
MLX4B,ACB-40-B (36),Neuation / Accumax,Other,,unit,31860,,,
MLX4R,ACB-40-R (36),Neuation / Accumax,Other,,unit,31860,,,
MLX4G,ACB-40-G (36),Neuation / Accumax,Other,,unit,31860,,,
MLX4Y,ACB-40-Y (36),Neuation / Accumax,Other,,unit,31860,,,
MLX5N,ACB-50 (36),Neuation / Accumax,Other,,unit,31860,,,
MLX5B,ACB-50-B (36),Neuation / Accumax,Other,,unit,31860,,,
MLX5R,ACB-50-R (36),Neuation / Accumax,Other,,unit,31860,,,
MLX5G,ACB-50-G (36),Neuation / Accumax,Other,,unit,31860,,,
MLX5Y,ACB-50-Y (36),Neuation / Accumax,Other,,unit,31860,,,
DB02 B6,0601-00-0104-0-048_2ML HEATING BLOCK (DB02 B6),Neuation / Accumax,Other,,unit,9490,,,
LC01 3A,RADP_152_1X3ML (LC01 3A),Neuation / Accumax,Other,,unit,888,,,
LC01 5A,RADP_153_1X5ML (LC01 5A),Neuation / Accumax,Other,,unit,742,,,
LC01 8A,RADP_154_1X8ML (LC01 8A),Neuation / Accumax,Other,,unit,795,,,
LC01 4A,RADP_155_1X4ML (LC01 4A),Neuation / Accumax,Other,,unit,888,,,
LC01 6A,RADP_156_1X6ML (LC01 6A),Neuation / Accumax,Other,,unit,1015,,,
LC01 5B,RADP_162_1X5ML (LC01 5B),Neuation / Accumax,Other,,unit,1065,,,
LC01 6B,RADP_163_1X6ML (LC01 6B),Neuation / Accumax,Other,,unit,1045,,,
A-016,0143-00-0108-0-121-13ML_TUBE_SPCR_DL,Neuation / Accumax,PCR & Plates,,unit,60,,,
A-75,0143-00-0114-0-083_3&4 ML_TUBE_SPCR_PL_2 (C01 TS),Neuation / Accumax,PCR & Plates,,unit,35,,,
A-75 + SL6,0143-00-0108-0-114_6ML TUBE SLEEVE_2 (C01 SL6),Neuation / Accumax,Tubes & Vials,,unit,84,,,
LC01 10A,RADP_164_1X10ML (LC01 10A),Neuation / Accumax,Other,,unit,1027,,,
LC01 15E,RADP_501_1X15ML (LC01 15E),Neuation / Accumax,Other,,unit,1776,,,
LC01 30B,RADP_502_1X30ML (LC01 30B),Neuation / Accumax,Other,,unit,1684,,,
LC01 15D,RADP_501 F_1X15ML (LC01 15D),Neuation / Accumax,Other,,unit,1677,,,
LC01 50A,RADP_157_1X50ML (LC01 50A),Neuation / Accumax,Other,,unit,2293,,,
LC01 30A,RADP_158_1X30ML (LC01 30A),Neuation / Accumax,Other,,unit,2167,,,
LC01 15C,RADP_166_3X15ML (LC01 15C),Neuation / Accumax,Other,,unit,2349,,,
LC01 6C,RADP_167_4X6ML (LC01 6C),Neuation / Accumax,Other,,unit,2345,,,
LC01 10B,RADP_168_3X10ML (LC01 10B),Neuation / Accumax,Other,,unit,2339,,,
LC01 50B,RADP_161 F_1X50ML (LC01 50B),Neuation / Accumax,Other,,unit,1675,,,
LC01 WA,RADP_151_1 X WINTROB (LC01 WA),Neuation / Accumax,Other,,unit,1029,,,
A-006,0140-00-0161-0-012_5ML ADAPTOR,Neuation / Accumax,Other,,unit,854,,,
A-010,0140-00-0161-0-011_15ML ADAPTOR,Neuation / Accumax,Other,,unit,715,,,
A-050,0140-00-0161-0-010_50ML ADAPTOR,Neuation / Accumax,Other,,unit,605,,,
A-250,0140-00-0161-0-015_250ML_SLEEVE,Neuation / Accumax,Other,,unit,1320,,,
LC02-L1000-161 + A-250,ROTOR (ASS)_4X250 ML SWING OUT ROTOR_0140-00-0161_(L1000-161+A-250),Neuation / Accumax,Rotors & Buckets,,unit,51650,,,
LC02-L1000-161 + A-050,ROTOR (ASS)_4X250 ML SWING OUT ROTOR_0140-00-0161_(L1000-161+A-050),Neuation / Accumax,Rotors & Buckets,,unit,53291,,,
LC02-L1000-161 + A-006,ROTOR (ASS)_4X250 ML SWING OUT ROTOR_0140-00-0161_(L1000-161+A-006),Neuation / Accumax,Rotors & Buckets,,unit,54231,,,
LC02-L1000-161 + A-010,ROTOR (ASS)_4X250 ML SWING OUT ROTOR_0140-00-0161_(L1000-161+A-010),Neuation / Accumax,Rotors & Buckets,,unit,52723,,,
LC02-L1000-124,ROTOR (ASS)_2X MICEOPLATE SWING ROTOR_0140-00-0124_(L1000-124),Neuation / Accumax,Rotors & Buckets,,pack,39513,,,
LC02-L1000-150,ROTOR (ASS)_16X15 ML FIX ANGLE COMMAN ROTOR_0140-00-0150_(L1000-150),Neuation / Accumax,Rotors & Buckets,,unit,13567,,,
LC02-L1000-148,ROTOR (ASS)_6X50 ML FIX ANGLE COMMAN ROTOR_0140-00-0148_(L1000-148),Neuation / Accumax,Rotors & Buckets,,unit,27237,,,
IROLL DR 24,IROLL DR 24 (WITH C15),Neuation / Accumax,Tube Rollers,,unit,40276,,,
IROLL DR 24-2,IROLL DR 24 (WITH C5),Neuation / Accumax,Tube Rollers,,unit,40276,,,
IROLL DR 24-3,IROLL DR 24 (WITH C50),Neuation / Accumax,Tube Rollers,,unit,40276,,,
IROLL PR 35,IROLL PR 35 (WITH C15),Neuation / Accumax,Tube Rollers,,unit,44304,,,
IROLL PR 35-2,IROLL PR 35 (WITH C5),Neuation / Accumax,Tube Rollers,,unit,44304,,,
IROLL PR 35-3,IROLL PR 35 (WITH C50),Neuation / Accumax,Tube Rollers,,unit,44304,,,
IRUPT 24P-2,IRUPT 24P (WITH CH01-TA1),Neuation / Accumax,Homogenizers,,unit,324508,,,
IRUPT 24P-3,IRUPT 24P (WITH CH01-TA3),Neuation / Accumax,Homogenizers,,unit,324508,,,
M3-3,ATTACHMENT (ASS)_3D-5(2.0)_M3-3_STACKING PLATFORM,Neuation / Accumax,Rotors & Buckets,,unit,3707,,,
ATTC-1000-S-F-R,ATTC-1000-S-F-R (96 TIPS X 40 PACKS),Neuation / Accumax,Pipette Tips,,pack,34578,,,
ATTC-1000-S-R,ATTC-1000-S-R (96 TIPS X 40 PACKS),Neuation / Accumax,Pipette Tips,,pack,30220,,,
ATTC-1000-F-RF,ATTC-1000-F-RF (96 TIPS X 24 PACKS),Neuation / Accumax,Pipette Tips,,pack,17881,,,
ATTC-1000-RF,ATTC-1000-RF (96 TIPS X 24 PACKS),Neuation / Accumax,Pipette Tips,,pack,15266,,,
ATTC-200-S-F-R,ATTC-200-S-F-R (96 TIPS X 40 PACKS),Neuation / Accumax,Pipette Tips,,pack,29659,,,
ATTC-200-S-R,ATTC-200-S-R (96 TIPS X 40 PACKS),Neuation / Accumax,Pipette Tips,,pack,25735,,,
ATTC-200-F-RF,ATTC-200-F-RF (96 TIPS X 24 PACKS),Neuation / Accumax,Pipette Tips,,pack,14929,,,
ATTC-200-RF,ATTC-200-RF (96 TIPS X 24 PACKS),Neuation / Accumax,Pipette Tips,,pack,12575,,,
ATTC-50-S-F-R,ATTC-50-S-F-R (96 TIPS X 40 PACKS),Neuation / Accumax,Pipette Tips,,pack,29659,,,
ATTC-50-S-R,ATTC-50-S-R (96 TIPS X 40 PACKS),Neuation / Accumax,Pipette Tips,,pack,25735,,,
ATTC-50-F-RF,ATTC-50-F-RF (96 TIPS X 24 PACKS),Neuation / Accumax,Pipette Tips,,pack,14929,,,
ATTC-50-RF,ATTC-50-RF (96 TIPS X 24 PACKS),Neuation / Accumax,Pipette Tips,,pack,12575,,,
ATTC-10-S-F-R,ATTC-10-S-F-R (96 TIPS X 40 PACKS),Neuation / Accumax,Pipette Tips,,pack,27981,,,
ATTC-10-S-R,ATTC-10-S-R (96 TIPS X 40 PACKS),Neuation / Accumax,Pipette Tips,,pack,24177,,,
ATTC-10-F-RF,ATTC-10-F-RF (96 TIPS X 24 PACKS),Neuation / Accumax,Pipette Tips,,pack,13993,,,
ATTC-10-RF,ATTC-10-RF (96 TIPS X 24 PACKS),Neuation / Accumax,Pipette Tips,,pack,11403,,,
ATTB-1000-S-F-R,ATTB-1000-S-F-R (96 TIPS X 40 PACKS),Neuation / Accumax,Pipette Tips,,pack,39850,,,
ATTB-1000-S-R,ATTB-1000-S-R (96 TIPS X 40 PACKS),Neuation / Accumax,Pipette Tips,,pack,35492,,,
ATTB-1000-F-RF,ATTB-1000-F-RF (96 TIPS X 24 PACKS),Neuation / Accumax,Pipette Tips,,pack,21044,,,
ATTB-1000-RF,ATTB-1000-RF (96 TIPS X 24 PACKS),Neuation / Accumax,Pipette Tips,,pack,18429,,,
ATTB-200-S-F-R,ATTB-200-S-F-R (96 TIPS X 40 PACKS),Neuation / Accumax,Pipette Tips,,pack,32294,,,
ATTB-200-S-R,ATTB-200-S-R (96 TIPS X 40 PACKS),Neuation / Accumax,Pipette Tips,,pack,28371,,,
ATTB-200-F-RF,ATTB-200-F-RF (96 TIPS X 24 PACKS),Neuation / Accumax,Pipette Tips,,pack,16510,,,
ATTB-200-RF,ATTB-200-RF (96 TIPS X 24 PACKS),Neuation / Accumax,Pipette Tips,,pack,14156,,,
ATTB-50-S-F-R,ATTB-50-S-F-R (96 TIPS X 40 PACKS),Neuation / Accumax,Pipette Tips,,pack,32294,,,
ATTB-50-S-R,ATTB-50-S-R (96 TIPS X 40 PACKS),Neuation / Accumax,Pipette Tips,,pack,28371,,,
ATTB-50-F-RF,ATTB-50-F-RF (96 TIPS X 24 PACKS),Neuation / Accumax,Pipette Tips,,pack,16510,,,
ATTB-50-RF,ATTB-50-RF (96 TIPS X 24 PACKS),Neuation / Accumax,Pipette Tips,,pack,14156,,,
ATTB-10-S-F-R,ATTB-10-S-F-R (96 TIPS X 40 PACKS),Neuation / Accumax,Pipette Tips,,pack,29387,,,
ATTB-10-S-R,ATTB-10-S-R (96 TIPS X 40 PACKS),Neuation / Accumax,Pipette Tips,,pack,25465,,,
ATTB-10-F-RF,ATTB-10-F-RF (96 TIPS X 24 PACKS),Neuation / Accumax,Pipette Tips,,pack,14766,,,
ATTB-10-RF,ATTB-10-RF (96 TIPS X 24 PACKS),Neuation / Accumax,Pipette Tips,,pack,12413,,,
ATTC-50-S-F-BL,ATTC-50-S-F-BL (96 TIPS X 24 PACKS),Neuation / Accumax,Pipette Tips,,pack,12687,,,
ATTC-50-S-BL,ATTC-50-S-BL (96 TIPS X 24 PACKS),Neuation / Accumax,Pipette Tips,,pack,10333,,,
ATTC-50-F-BL,ATTC-50-F-BL (96 TIPS X 24 PACKS),Neuation / Accumax,Pipette Tips,,pack,11864,,,
ATTC-50-BL,ATTC-50-BL (96 TIPS X 24 PACKS),Neuation / Accumax,Pipette Tips,,pack,9510,,,
ATTC-50-F-FL,ATTC-50-F-FL (192 TIPS X 5 FLIP BOX X 10 PACKS),Neuation / Accumax,Pipette Tips,,pack,42986,,,
ATTC-50-FL,ATTC-50-FL (192 TIPS X 5 FLIP BOX X 10 PACKS),Neuation / Accumax,Pipette Tips,,pack,33179,,,
ATTB-50-FL,ATTB-50-FL (192 TIPS X 5 FLIP BOX X 10 PACKS),Neuation / Accumax,Pipette Tips,,pack,33179,,,
ATTB-50-F-FL,ATTB-50-F-FL (192 TIPS X 5 FLIP BOX X 10 PACKS),Neuation / Accumax,Pipette Tips,,pack,42986,,,
AT-10000B-S-W,AT-10000B-S-W (50 TIPS X 10 PACKS),Neuation / Accumax,Pipette Tips,,pack,9044,,,
AT-10000A-S-W,AT-10000A-S-W (50 TIPS X 10 PACKS),Neuation / Accumax,Pipette Tips,,pack,9044,,,
AT-1000-S-L-K,AT-1000-S-L-K (96 TIPS X 5 STACKS X 10 PACKS),Neuation / Accumax,Pipette Tips,,pack,17346,,,
APC-021-TO,APC-021-TO-PLUS ( 10 PLATES X 5 PACKS ),Neuation / Accumax,PCR & Plates,,pack,13098,,,
APC-028,APC-028 (10 PLATES X 5 PACKS),Neuation / Accumax,PCR & Plates,,pack,10956,,,
AM12-050,RPM A 5-50 (12) ACCUMAX (AM 12-050),Neuation / Accumax,Pipettes,,unit,23650,,,
ALFV-5000,DP 500-5000 µL (ALFV-5000),Neuation / Accumax,Other,,unit,14668,,,
ALFV-10000,DP 1000-10000 µL (ALFV-10000),Neuation / Accumax,Other,,unit,15400,,,
2-711-C1-R,ALF-20-S-K (96 TIPS X 10 RACKS X 10 PACKS),Neuation / Accumax,Pipette Tips,,pack,25193,,,
1-802-C4-R,ALF-1000-K (96 TIPS X 6 RACKS X 10 PACKS),Neuation / Accumax,Pipette Tips,,pack,12390,,,
1-803-C4-R,ALF-1000-S-K (96 TIPS X 6 RACKS X 10 PACKS),Neuation / Accumax,Pipette Tips,,pack,13381,,,
4-505-C10-E,ALF-20-E-R (10 RACKS X 10 PACKS),Neuation / Accumax,Other,,pack,14750,,,
4-506-C10-E,ALF-200-E-R (10 RACKS X 10 PACKS),Neuation / Accumax,Other,,pack,14750,,,
4-507-C10-E,ALF-1000-E-R (10 RACKS X 10 PACKS),Neuation / Accumax,Other,,pack,15340,,,
3-340-10-0,ASC-PE-60 (100 R TUBES + 100 F TUBES),Neuation / Accumax,Tubes & Vials,,pack,6277,,,
ABEF-1000-NV-PG-S,ABEF-1000-NV-PG-S (1 FLASK WITH CAP X 6 PACK),Medha,Bottles & Carboys,,pack,4112,,,
ABEF-1000-V-PG-S,ABEF-1000-V-PG-S (1 FLASK WITH CAP X 6 PACK),Medha,Bottles & Carboys,,pack,4486,,,
ABEF-125-NV-PG-S,ABEF-125-NV-PG-S (1 FLASK WITH CAP X 24 PACK),Medha,Bottles & Carboys,,pack,8100,,,
ABEF-125-V-PG-S,ABEF-125-V-PG-S (1 FLASK WITH CAP X 24 PACK),Medha,Bottles & Carboys,,pack,9346,,,
ABEF-2000-NV-PG-S,ABEF-2000-NV-PG-S (1 FLASK WITH CAP X 4 PACK),Medha,Bottles & Carboys,,pack,3489,,,
ABEF-2000-V-PG-S,ABEF-2000-V-PG-S (1 FLASK WITH CAP X 4 PACK),Medha,Bottles & Carboys,,pack,3738,,,
ABEF-250-NV-PG-S,ABEF-250-NV-PG-S (1 FLASK WITH CAP X 12 PACK),Medha,Bottles & Carboys,,pack,4798,,,
ABEF-250-V-PG-S,ABEF-250-V-PG-S (1 FLASK WITH CAP X 12 PACK),Medha,Bottles & Carboys,,pack,5421,,,
ABEF-3000-NV-PG-S,ABEF-3000-NV-PG-S (1 FLASK WITH CAP X 4 PACK),Medha,Bottles & Carboys,,pack,5607,,,
ABEF-3000-V-PG-S,ABEF-3000-V-PG-S (1 FLASK WITH CAP X 4 PACK),Medha,Bottles & Carboys,,pack,5981,,,
ABEF-500-NV-PG-S,ABEF-500-NV-PG-S (1 FLASK WITH CAP X 12 PACK),Medha,Bottles & Carboys,,pack,6044,,,
ABEF-500-V-PG-S,ABEF-500-V-PG-S (1 FLASK WITH CAP X 12 PACK),Medha,Bottles & Carboys,,pack,6791,,,
ACB-HD-10-C,ACB-HD-10-C (1 CARBOY WITH CAP X 1 PACK),Medha,Bottles & Carboys,,pack,3073,,,
ACB-HD-10-C-S,ACB-HD-10-C-S (1 CARBOY WITH CAP X 1 PACK),Medha,Bottles & Carboys,,pack,4017,,,
ACB-HD-10-SPC,ACB-HD-10-SPC (1 CARBOY WITH SPIGOT WITH CAP X 1 PACK),Medha,Bottles & Carboys,,pack,4359,,,
ACB-HD-15-C,ACB-HD-15-C (1 CARBOY WITH CAP X 1 PACK),Medha,Bottles & Carboys,,pack,3725,,,
ACB-HD-15-C-S,ACB-HD-15-C-S (1 CARBOY WITH CAP X 1 PACK),Medha,Bottles & Carboys,,pack,4669,,,
ACB-HD-15-SPC,ACB-HD-15-SPC (1 CARBOY WITH SPIGOT WITH CAP X 1 PACK),Medha,Bottles & Carboys,,pack,4843,,,
ACB-HD-20-C,ACB-HD-20-C (1 CARBOY WITH CAP X 1 PACK),Medha,Bottles & Carboys,,pack,4359,,,
ACB-HD-20-C-S,ACB-HD-20-C-S (1 CARBOY WITH CAP X 1 PACK),Medha,Bottles & Carboys,,pack,5421,,,
ACB-HD-20-SPC,ACB-HD-20-SPC (1 CARBOY WITH SPIGOT WITH CAP X 1 PACK),Medha,Bottles & Carboys,,pack,6000,,,
ACB-HD-25-C,ACB-HD-25-C (1 CARBOY WITH CAP X 1 PACK),Medha,Bottles & Carboys,,pack,5827,,,
ACB-HD-25-C-S,ACB-HD-25-C-S (1 CARBOY WITH CAP X 1 PACK),Medha,Bottles & Carboys,,pack,6771,,,
ACB-HD-25-SPC,ACB-HD-25-SPC (1 CARBOY WITH SPIGOT WITH CAP X 1 PACK),Medha,Bottles & Carboys,,pack,7469,,,
ACB-HD-50-C,ACB-HD-50-C (1 CARBOY WITH CAP X 1 PACK),Medha,Bottles & Carboys,,pack,8826,,,
ACB-HD-50-C-S,ACB-HD-50-C-S (1 CARBOY WITH CAP X 1 PACK),Medha,Bottles & Carboys,,pack,9947,,,
ACB-HD-50-SPC,ACB-HD-50-SPC (1 CARBOY WITH SPIGOT WITH CAP X 1 PACK),Medha,Bottles & Carboys,,pack,10863,,,
ACB-LD-10,ACB-LD-10 (1 CARBOY X 1 PACK),Medha,Bottles & Carboys,,pack,2635,,,
ACB-LD-10-S,ACB-LD-10-S (1 CARBOY X 1 PACK),Medha,Bottles & Carboys,,pack,3579,,,
ACB-LD-10-SPC,ACB-LD-10-SPC (1 CARBOY WITH SPIGOT WITH CAP X 1 PACK),Medha,Bottles & Carboys,,pack,1998,,,
ACB-LD-15,ACB-LD-15 (1 CARBOY X 1 PACK),Medha,Bottles & Carboys,,pack,3446,,,
ACB-LD-15-S,ACB-LD-15-S (1 CARBOY X 1 PACK),Medha,Bottles & Carboys,,pack,4390,,,
ACB-LD-15-SPC,ACB-LD-15-SPC (1 CARBOY WITH SPIGOT WITH CAP X 1 PACK),Medha,Bottles & Carboys,,pack,3735,,,
ACB-LD-20,ACB-LD-20 (1 CARBOY X 1 PACK),Medha,Bottles & Carboys,,pack,3735,,,
ACB-LD-20-S,ACB-LD-20-S (1 CARBOY X 1 PACK),Medha,Bottles & Carboys,,pack,4797,,,
ACB-LD-20-SPC,ACB-LD-20-SPC (1 CARBOY WITH SPIGOT WITH CAP X 1 PACK),Medha,Bottles & Carboys,,pack,5142,,,
ACB-LD-25,ACB-LD-25 (1 CARBOY X 1 PACK),Medha,Bottles & Carboys,,pack,5203,,,
ACB-LD-25-S,ACB-LD-25-S (1 CARBOY X 1 PACK),Medha,Bottles & Carboys,,pack,6147,,,
ACB-LD-25-SPC,ACB-LD-25-SPC (1 CARBOY WITH SPIGOT WITH CAP X 1 PACK),Medha,Bottles & Carboys,,pack,6940,,,
ACB-LD-50,ACB-LD-50 (1 CARBOY X 1 PACK),Medha,Bottles & Carboys,,pack,7563,,,
ACB-LD-50-S,ACB-LD-50-S (1 CARBOY X 1 PACK),Medha,Bottles & Carboys,,pack,8684,,,
ACB-LD-50-SPC,ACB-LD-50-SPC (1 CARBOY WITH SPIGOT WITH CAP X 1 PACK),Medha,Bottles & Carboys,,pack,9317,,,
ACB-PP-10-C,ACB-PP-10-C (1 CARBOY WITH CAP X 1 PACK),Medha,Bottles & Carboys,,pack,3073,,,
ACB-PP-10-C-S,ACB-PP-10-C-S (1 CARBOY WITH CAP X 1 PACK),Medha,Bottles & Carboys,,pack,4017,,,
ACB-PP-10-SPC,ACB-PP-10-SPC (1 CARBOY WITH SPIGOT WITH CAP X 1 PACK),Medha,Bottles & Carboys,,pack,4359,,,
ACB-PP-15-C,ACB-PP-15-C (1 CARBOY WITH CAP X 1 PACK),Medha,Bottles & Carboys,,pack,3725,,,
ACB-PP-15-C-S,ACB-PP-15-C-S (1 CARBOY WITH CAP X 1 PACK),Medha,Bottles & Carboys,,pack,4669,,,
ACB-PP-15-SPC,ACB-PP-15-SPC (1 CARBOY WITH SPIGOT WITH CAP X 1 PACK),Medha,Bottles & Carboys,,pack,4843,,,
ACB-PP-20-C,ACB-PP-20-C (1 CARBOY WITH CAP X 1 PACK),Medha,Bottles & Carboys,,pack,4359,,,
ACB-PP-20-C-S,ACB-PP-20-C-S (1 CARBOY WITH CAP X 1 PACK),Medha,Bottles & Carboys,,pack,5421,,,
ACB-PP-20-SPC,ACB-PP-20-SPC (1 CARBOY WITH SPIGOT WITH CAP X 1 PACK),Medha,Bottles & Carboys,,pack,6000,,,
ACB-PP-25-C,ACB-PP-25-C (1 CARBOY WITH CAP X 1 PACK),Medha,Bottles & Carboys,,pack,5827,,,
ACB-PP-25-C-S,ACB-PP-25-C-S (1 CARBOY WITH CAP X 1 PACK),Medha,Bottles & Carboys,,pack,6771,,,
ACB-PP-25-SPC,ACB-PP-25-SPC (1 CARBOY WITH SPIGOT WITH CAP X 1 PACK),Medha,Bottles & Carboys,,pack,7469,,,
ACB-PP-50-C,ACB-PP-50-C (1 CARBOY WITH CAP X 1 PACK),Medha,Bottles & Carboys,,pack,8826,,,
ACB-PP-50-C-S,ACB-PP-50-C-S (1 CARBOY WITH CAP X 1 PACK),Medha,Bottles & Carboys,,pack,9947,,,
ACB-PP-50-SPC,ACB-PP-50-SPC (1 CARBOY WITH SPIGOT WITH CAP X 1 PACK),Medha,Bottles & Carboys,,pack,10863,,,
ACT-15-B,ACCUMAX CENTRIFUGE TUBES-15-B (25 TUBES X 20 PACKS),Medha,Tubes & Vials,,pack,4367,,ACT.png,ACT desc.png
ACT-15-B-A,ACCUMAX CENTRIFUGE TUBES-15-B-A (25 TUBES X 20 PACKS),Medha,Tubes & Vials,,pack,6658,,ACT.png,ACT desc.png
ACT-15-B-S,ACCUMAX CENTRIFUGE TUBES-15-B-S (25 TUBES X 20 PACKS),Medha,Tubes & Vials,,pack,5553,,ACT.png,ACT desc.png
ACT-15-B-S-T,HEAVY METAL FREE CENTRIFUGE TUBES-15-B-S-T (25 TUBES X 20 PACKS),Medha,Tubes & Vials,,pack,6109,,Heavy ACT.png,Heavy ACT desc.png
ACT-15-B-T,HEAVY METAL FREE CENTRIFUGE TUBES-15-B-T (25 TUBES X 20 PACKS),Medha,Tubes & Vials,,pack,5247,,Heavy ACT.png,Heavy ACT desc.png
ACT-15-R,ACCUMAX CENTRIFUGE TUBES-15-R (25 TUBES X 20 PACKS),Medha,Tubes & Vials,,pack,6085,,ACT.png,ACT desc.png
ACT-15-R-S,ACT-15-R-S (25 TUBES X 20 PACKS),Medha,Tubes & Vials,,pack,6730,,ACT.png,ACT desc.png
ACT-15-S-W,ACT-15-S-W (25 TUBES x 20 PACKS),Medha,Tubes & Vials,,pack,6510,,ACT.png,ACT desc.png
ACT-250-S,Large volume Centrifuge tube ACT-250-S (6 TUBES X 8 PACKS),Medha,Tubes & Vials,,pack,4780,,large vol centrifuge.png,large vol centrifuge desc.png
ACT-500-S,Large volume Centrifuge tube ACT-500-S (6 TUBES X 6 PACKS),Medha,Tubes & Vials,,pack,7132,,large vol centrifuge.png,large vol centrifuge desc.png
ACT-50-B,ACT-50-B (25 TUBES X 20 PACKS),Medha,Tubes & Vials,,pack,6596,,ACT.png,ACT desc.png
ACT-50-B-A,ACT-50-B-A (25 TUBES X 20 PACKS),Medha,Tubes & Vials,,pack,8547,,ACT.png,ACT desc.png
ACT-50-B-S,ACT-50-B-S (25 TUBES X 20 PACKS),Medha,Tubes & Vials,,pack,8146,,ACT.png,ACT desc.png
ACT-50-B-S-T,HEAVY METAL FREE CENTRIFUGE TUBES-50-B-S-T (25 TUBES X 20 PACKS),Medha,Tubes & Vials,,pack,8961,,Heavy ACT.png,Heavy ACT desc.png
ACT-50-B-T,HEAVY METAL FREE CENTRIFUGE TUBES-50-B-T (25 TUBES X 20 PACKS),Medha,Tubes & Vials,,pack,7256,,Heavy ACT.png,Heavy ACT desc.png
ACT-50-K-B,ACT-50-K-B (25 TUBES X 20 PACKS),Medha,Tubes & Vials,,pack,7978,,ACT.png,ACT desc.png
ACT-50-K-B-S,ACT-50-K-B-S (25 TUBES X 20 PACKS),Medha,Tubes & Vials,,pack,9847,,ACT.png,ACT desc.png
ACT-50-K-B-S-T,HEAVY METAL FREE CENTRIFUGE TUBES-50-K-B-S-T (25 TUBES X 20 PACKS),Medha,Tubes & Vials,,pack,9588,,Heavy ACT.png,Heavy ACT desc.png
ACT-50-K-B-T,HEAVY METAL FREE CENTRIFUGE TUBES-50-K-B-T (25 TUBES X 20 PACKS),Medha,Tubes & Vials,,pack,7762,,Heavy ACT.png,Heavy ACT desc.png
ACT-50-K-S-W,ACT-50-K-S-W (25 TUBES x 20 PACKS),Medha,Tubes & Vials,,pack,11656,,ACT.png,ACT desc.png
ACT-50-K-S-W-T,HEAVY METAL FREE CENTRIFUGE TUBES-50-K-S-W-T (25 TUBES X 20 PACKS),Medha,Tubes & Vials,,pack,11026,,Heavy ACT.png,Heavy ACT desc.png
ACT-50-R,ACT-50-R (25 TUBES X 20 PACKS),Medha,Tubes & Vials,,pack,9589,,ACT.png,ACT desc.png
ACT-50-R-S,ACT-50-R-S (25 TUBES X 20 PACKS),Medha,Tubes & Vials,,pack,11313,,ACT.png,ACT desc.png
ACT-50-S-W,ACT-50-S-W (25 TUBES x 20 PACKS),Medha,Tubes & Vials,,pack,12824,,ACT.png,ACT desc.png
ADV-05-PG-S,ADV-05-PG-S (20 VIAL WITH CAP X 5 PACK),Medha,Tubes & Vials,,pack,3296,,,
ADV-10-PG-S,ADV-10-PG-S (20 VIAL WITH CAP X 5 PACK),Medha,Tubes & Vials,,pack,3532,,,
ADV-20-PG-S,ADV-20-PG-S (20 VIAL WITH CAP X 5 PACK),Medha,Tubes & Vials,,pack,4003,,,
AEF-1000-NV-PC-S,AEF-1000-NV-PC-S (1 FLASK WITH CAP X 6 PACK),Medha,Bottles & Carboys,,pack,4606,,,
AEF-1000-NV-PG-S,AEF-1000-NV-PG-S (1 FLASK WITH CAP X 6 PACK),Medha,Bottles & Carboys,,pack,4112,,,
AEF-1000-V-PC-S,AEF-1000-V-PC-S (1 FLASK WITH CAP X 6 PACK),Medha,Bottles & Carboys,,pack,5024,,,
AEF-1000-V-PG-S,AEF-1000-V-PG-S (1 FLASK WITH CAP X 6 PACK),Medha,Bottles & Carboys,,pack,4486,,,
AEF-125-NV-PC-S,AEF-125-NV-PC-S (1 FLASK WITH CAP X 24 PACK),Medha,Bottles & Carboys,,pack,9072,,,
AEF-125-NV-PG-S,AEF-125-NV-PG-S (1 FLASK WITH CAP X 24 PACK),Medha,Bottles & Carboys,,pack,8100,,,
AEF-125-V-PC-S,AEF-125-V-PC-S (1 FLASK WITH CAP X 24 PACK),Medha,Bottles & Carboys,,pack,10467,,,
AEF-125-V-PG-S,AEF-125-V-PG-S (1 FLASK WITH CAP X 24 PACK),Medha,Bottles & Carboys,,pack,9346,,,
AEF-2000-NV-PC-S,AEF-2000-NV-PC-S (1 FLASK WITH CAP X 4 PACK),Medha,Bottles & Carboys,,pack,3908,,,
AEF-2000-NV-PG-S,AEF-2000-NV-PG-S (1 FLASK WITH CAP X 4 PACK),Medha,Bottles & Carboys,,pack,3489,,,
AEF-2000-V-PC-S,AEF-2000-V-PC-S (1 FLASK WITH CAP X 4 PACK),Medha,Bottles & Carboys,,pack,4187,,,
AEF-2000-V-PG-S,AEF-2000-V-PG-S (1 FLASK WITH CAP X 4 PACK),Medha,Bottles & Carboys,,pack,3738,,,
AEF-250-NV-PC-S,AEF-250-NV-PC-S (1 FLASK WITH CAP X 12 PACK),Medha,Bottles & Carboys,,pack,5373,,,
AEF-250-NV-PG-S,AEF-250-NV-PG-S (1 FLASK WITH CAP X 12 PACK),Medha,Bottles & Carboys,,pack,4798,,,
AEF-250-V-PC-S,AEF-250-V-PC-S (1 FLASK WITH CAP X 12 PACK),Medha,Bottles & Carboys,,pack,6071,,,
AEF-250-V-PG-S,AEF-250-V-PG-S (1 FLASK WITH CAP X 12 PACK),Medha,Bottles & Carboys,,pack,5421,,,
AEF-3000-NV-PC-S,AEF-3000-NV-PC-S (1 FLASK WITH CAP X 4 PACK),Medha,Bottles & Carboys,,pack,6280,,,
AEF-3000-NV-PG-S,AEF-3000-NV-PG-S (1 FLASK WITH CAP X 4 PACK),Medha,Bottles & Carboys,,pack,5607,,,
AEF-3000-V-PG-S,AEF-3000-V-PG-S (1 FLASK WITH CAP X 4 PACK),Medha,Bottles & Carboys,,pack,5981,,,
AEF-500-NV-PC-S,AEF-500-NV-PC-S (1 FLASK WITH CAP X 12 PACK),Medha,Bottles & Carboys,,pack,6768,,,
AEF-500-NV-PG-S,AEF-500-NV-PG-S (1 FLASK WITH CAP X 12 PACK),Medha,Bottles & Carboys,,pack,6044,,,
AEF-500-V-PC-S,AEF-500-V-PC-S (1 FLASK WITH CAP X 12 PACK),Medha,Bottles & Carboys,,pack,7606,,,
AEF-500-V-PG-S,AEF-500-V-PG-S (1 FLASK WITH CAP X 12 PACK),Medha,Bottles & Carboys,,pack,6791,,,
AHD-PP-1000,AHD-PP-1000 (6 BOTTLE X 1 PACK),Medha,Bottles & Carboys,,pack,4072,,,
AHD-PP-2000,AHD-PP-2000 (6 BOTTLE X 1 PACK),Medha,Bottles & Carboys,,pack,6171,,,
AHD-PP-4000,AHD-PP-4000 (6 BOTTLE X 1 PACK),Medha,Bottles & Carboys,,pack,11316,,,
AJB-HD-10,AJB-HD-10 (1 JERRICAN X 1 PACK),Medha,Bottles & Carboys,,pack,1585,,,
AJB-HD-10-AW,AJB-HD-10-AW (1 JERRICAN X 1 PACK),Medha,Bottles & Carboys,,pack,1822,,,
AJB-HD-20,AJB-HD-20 (1 JERRICAN X 1 PACK),Medha,Bottles & Carboys,,pack,2289,,,
AJB-HD-20-AW,AJB-HD-20-AW (1 JERRICAN X 1 PACK),Medha,Bottles & Carboys,,pack,2631,,,
UAMB-1000-PC-IW-S,UAMB-1000-PC-IW-S (1 BOTTLE WITH CAP X 50 PACK),Medha,Bottles & Carboys,,pack,35579,,,
UAMB-1000-PC-S,UAMB-1000-PC-S (12 BOTTLE WITH CAP X 2 PACK),Medha,Bottles & Carboys,,pack,15525,,,
AMB-1000-PT-IW-S,AMB-1000-PT-IW-S (1 BOTTLE WITH CAP X 50 PACK),Medha,Bottles & Carboys,,pack,16638,,,
AMB-1000-PT-S,AMB-1000-PT-S (12 BOTTLE WITH CAP X 2 PACK),Medha,Bottles & Carboys,,pack,7099,,,
UAMB-125-PC-IW-S,UAMB-125-PC-IW-S,Medha,Other,,unit,18266,,,
UAMB-125-PC-S,UAMB-125-PC-S (24 BOTTLE WITH CAP X 4 PACK),Medha,Bottles & Carboys,,pack,26508,,,
AMB-125-PT-IW-S,AMB-125-PT-IW-S (1 BOTTLE WITH CAP X 60 PACK),Medha,Bottles & Carboys,,pack,8567,,,
AMB-125-PT-S,AMB-125-PT-S (24 BOTTLE WITH CAP X 4 PACK),Medha,Bottles & Carboys,,pack,12129,,,
UAMB-2000-PC-IW-S,UAMB-2000-PC-IW-S,Medha,Other,,unit,24466,,,
UAMB-2000-PC-S,UAMB-2000-PC-S (6 BOTTLE WITH CAP X 2 PACK),Medha,Bottles & Carboys,,pack,13346,,,
UAMB-250-PC-IW-S,UAMB-250-PC-IW-S,Medha,Other,,unit,20318,,,
UAMB-250-PC-S,UAMB-250-PC-S (24 BOTTLE WITH CAP X 2 PACK),Medha,Bottles & Carboys,,pack,16419,,,
AMB-250-PT-IW-S,AMB-250-PT-IW-S (1 BOTTLE WITH CAP X 54 PACK),Medha,Bottles & Carboys,,pack,9511,,,
AMB-250-PT-S,AMB-250-PT-S (30 BOTTLE WITH CAP X 2 PACK),Medha,Bottles & Carboys,,pack,9379,,,
UAMB-30-PC-IW-S,UAMB-30-PC-IW-S,Medha,Other,,unit,7484,,,
UAMB-30-PC-S,UAMB-30-PC-S (24 BOTTLE WITH CAP X 4 PACK),Medha,Bottles & Carboys,,pack,14198,,,
UAMB-500-PC-IW-S,UAMB-500-PC-IW-S,Medha,Other,,unit,37236,,,
UAMB-500-PC-S,UAMB-500-PC-S (24 BOTTLE WITH CAP X 2 PACK),Medha,Bottles & Carboys,,pack,23222,,,
AMB-500-PT-IW-S,AMB-500-PT-IW-S (1 BOTTLE WITH CAP X 70 PACK),Medha,Bottles & Carboys,,pack,17429,,,
AMB-500-PT-S,AMB-500-PT-S (24 BOTTLE WITH CAP X 2 PACK),Medha,Bottles & Carboys,,pack,10919,,,
UAMB-60-PC-IW-S,UAMB-60-PC-IW-S,Medha,Other,,unit,8382,,,
UAMB-60-PC-S,UAMB-60-PC-S (24 BOTTLE WITH CAP X 4 PACK),Medha,Bottles & Carboys,,pack,18288,,,
ANB-HD-1000,ANB-HD-1000 (12 BOTTLE WITH CAP X 2 PACK),Medha,Bottles & Carboys,,pack,3900,,,
ANB-HD-1000-A,ANB-HD-1000-A (12 BOTTLE WITH CAP X 2PACK),Medha,Bottles & Carboys,,pack,5996,,,
ANB-HD-125,ANB-HD-125 (12 BOTTLE WITH CAP X 6 PACK),Medha,Bottles & Carboys,,pack,2982,,,
ANB-HD-125-A,ANB-HD-125-A (12 BOTTLE WITH CAP X 6 PACK),Medha,Bottles & Carboys,,pack,3785,,,
ANB-HD-15,ANB-HD-15 (12 BOTTLE WITH CAP X 6 PACK),Medha,Bottles & Carboys,,pack,1166,,,
ANB-HD-15-A,ANB-HD-15-A (12 BOTTLE WITH CAP X 6 PACK),Medha,Bottles & Carboys,,pack,1453,,,
ANB-HD-250,ANB-HD-250 (12 BOTTLE WITH CAP X 6 PACK),Medha,Bottles & Carboys,,pack,4779,,,
ANB-HD-250-A,ANB-HD-250-A (12 BOTTLE WITH CAP X 6 PACK),Medha,Bottles & Carboys,,pack,5945,,,
ANB-HD-30,ANB-HD-30 (12 BOTTLE WITH CAP X 6 PACK),Medha,Bottles & Carboys,,pack,1606,,,
ANB-HD-30-A,ANB-HD-30-A (12 BOTTLE WITH CAP X 6 PACK),Medha,Bottles & Carboys,,pack,2179,,,
ANB-HD-4,ANB-HD-4 (12 BOTTLE WITH CAP X 6 PACK),Medha,Bottles & Carboys,,pack,802,,,
ANB-HD-4-A,ANB-HD-4-A (12 BOTTLE WITH CAP X 6 PACK),Medha,Bottles & Carboys,,pack,1014,,,
ANB-HD-500,ANB-HD-500 (12 BOTTLE WITH CAP X 4 PACK),Medha,Bottles & Carboys,,pack,3964,,,
ANB-HD-500-A,ANB-HD-500-A (12 BOTTLE WITH CAP X 4 PACK),Medha,Bottles & Carboys,,pack,5340,,,
ANB-HD-60,ANB-HD-60 (12 BOTTLE WITH CAP X 6 PACK),Medha,Bottles & Carboys,,pack,2179,,,
ANB-HD-60-A,ANB-HD-60-A (12 BOTTLE WITH CAP X 6 PACK),Medha,Bottles & Carboys,,pack,2791,,,
ANB-HD-8-A,ANB-HD-8-A (12 BOTTLE WITH CAP X 6 PACK),Medha,Bottles & Carboys,,pack,1280,,,
ANB-HD-8,ANB-HD-8 (12 BOTTLE WITH CAP X 6 PACK),Medha,Bottles & Carboys,,pack,994,,,
ANB-LD-1000,ANB-LD-1000 (12 BOTTLE WITH CAP X 2 PACK),Medha,Bottles & Carboys,,pack,3536,,,
ANB-LD-125,ANB-LD-125 (12 BOTTLE WITH CAP X 6 PACK),Medha,Bottles & Carboys,,pack,2695,,,
ANB-LD-15,ANB-LD-15 (12 BOTTLE WITH CAP X 6 PACK),Medha,Bottles & Carboys,,pack,1089,,,
ANB-LD-250,ANB-LD-250 (12 BOTTLE WITH CAP X 6 PACK),Medha,Bottles & Carboys,,pack,4320,,,
ANB-LD-30,ANB-LD-30 (12 BOTTLE WITH CAP X 6 PACK),Medha,Bottles & Carboys,,pack,1529,,,
ANB-LD-4,ANB-LD-4 (12 BOTTLE WITH CAP X 6 PACK),Medha,Bottles & Carboys,,pack,894,,,
ANB-LD-500,ANB-LD-500 (12 BOTTLE WITH CAP X 4 PACK),Medha,Bottles & Carboys,,pack,3542,,,
ANB-LD-60,ANB-LD-60 (12 BOTTLE WITH CAP X 6 PACK),Medha,Bottles & Carboys,,pack,1988,,,
ANB-LD-8,ANB-LD-8 (12 BOTTLE WITH CAP X 6 PACK),Medha,Bottles & Carboys,,pack,918,,,
ANB-PP-15,ANB-PP-15 (12 BOTTLE WITH CAP X 6 PACK),Medha,Bottles & Carboys,,pack,1357,,,
ANB-PP-1000,ANB-PP-1000 (12 BOTTLE WITH CAP X 2 PACK),Medha,Bottles & Carboys,,pack,4741,,,
ANB-PP-125,ANB-PP-125 (12 BOTTLE WITH CAP X 6 PACK),Medha,Bottles & Carboys,,pack,3345,,,
ANB-PP-250,ANB-PP-250 (12 BOTTLE WITH CAP X 6 PACK),Medha,Bottles & Carboys,,pack,5410,,,
ANB-PP-30,ANB-PP-30 (12 BOTTLE WITH CAP X 6 PACK),Medha,Bottles & Carboys,,pack,1816,,,
ANB-PP-4,ANB-PP-4 (12 BOTTLE WITH CAP X 6 PACK),Medha,Bottles & Carboys,,pack,918,,,
ANB-PP-500,ANB-PP-500 (12 BOTTLE WITH CAP X 4 PACK),Medha,Bottles & Carboys,,pack,4805,,,
ANB-PP-60,ANB-PP-60 (12 BOTTLE WITH CAP X 6 PACK),Medha,Bottles & Carboys,,pack,2447,,,
ANB-PP-8,ANB-PP-8 (12 BOTTLE WITH CAP X 6 PACK),Medha,Bottles & Carboys,,pack,1166,,,
AP-90NV-10,AP-90NV-10 (10 PLATES X 50 PACK),Medha,PCR & Plates,,pack,4130,,,
AP-90NV-10-S,AP-90NV-10-S (10 PLATES X 50 PACK),Medha,PCR & Plates,,pack,4708,,,
AP-90NV-20,AP-90NV-20 (20 PLATES X 25 PACK),Medha,PCR & Plates,,pack,4012,,,
AP-90NV-20-S,AP-90NV-20-S (20 PLATES X 25 PACK),Medha,PCR & Plates,,pack,4573,,,
AP-90V-10,AP-90V-10 (10 PLATES X 50 PACK),Medha,PCR & Plates,,pack,4130,,,
AP-90V-10-S,AP-90V-10-S (10 PLATES X 50 PACK),Medha,PCR & Plates,,pack,4708,,,
AP-90V-20,AP-90V-20 (20 PLATES X 25 PACK),Medha,PCR & Plates,,pack,4012,,,
AP-90V-20-S,AP-90V-20-S (20 PLATES X 25 PACK),Medha,PCR & Plates,,pack,4573,,,
ASB-HD-1000,ASB-HD-1000 (12 BOTTLE WITH CAP X 2 PACK),Medha,Bottles & Carboys,,pack,1434,,,
ASB-HD-1000-A,ASB-HD-1000-A (12 BOTTLE WITH CAP X 2 PACK),Medha,Bottles & Carboys,,pack,2007,,,
ASB-HD-175,ASB-HD-175 (12 BOTTLE WITH CAP X 6 PACK),Medha,Bottles & Carboys,,pack,809,,,
ASB-HD-175-A,ASB-HD-175-A (12 BOTTLE WITH CAP X 6 PACK),Medha,Bottles & Carboys,,pack,1023,,,
ASB-HD-250,ASB-HD-250 (12 BOTTLE WITH CAP X 6 PACK),Medha,Bottles & Carboys,,pack,1080,,,
ASB-HD-250-A,ASB-HD-250-A (12 BOTTLE WITH CAP X 6 PACK),Medha,Bottles & Carboys,,pack,1323,,,
ASB-HD-500,ASB-HD-500 (12 BOTTLE WITH CAP X 4 PACK),Medha,Bottles & Carboys,,pack,1335,,,
ASB-HD-500-A,ASB-HD-500-A (12 BOTTLE WITH CAP X 4 PACK),Medha,Bottles & Carboys,,pack,1801,,,
ASB-HD-60,ASB-HD-60 (12 BOTTLE WITH CAP X 6 PACK),Medha,Bottles & Carboys,,pack,497,,,
ASB-HD-60-A,ASB-HD-60-A (12 BOTTLE WITH CAP X 6 PACK),Medha,Bottles & Carboys,,pack,631,,,
ASB-PP-1000,ASB-PP-1000 (12 BOTTLE WITH CAP X 2 PACK),Medha,Bottles & Carboys,,pack,1651,,,
ASB-PP-175,ASB-PP-175 (12 BOTTLE WITH CAP X 6 PACK),Medha,Bottles & Carboys,,pack,930,,,
ASB-PP-250,ASB-PP-250 (12 BOTTLE WITH CAP X 6 PACK),Medha,Bottles & Carboys,,pack,1246,,,
ASB-PP-500,ASB-PP-500 (12 BOTTLE WITH CAP X 4 PACK),Medha,Bottles & Carboys,,pack,1529,,,
ASB-PP-60,ASB-PP-60 (12 BOTTLE WITH CAP X 6 PACK),Medha,Bottles & Carboys,,pack,573,,,
ASB-HD-60-S,ASB-HD-60-S (12 BOTTLE WITH CAP X 6 PACK),Medha,Bottles & Carboys,,pack,571,,,
ASB-HD-175-S,ASB-HD-175-S (12 BOTTLE WITH CAP X 6 PACK),Medha,Bottles & Carboys,,pack,931,,,
ASB-HD-250-S,ASB-HD-250-S (12 BOTTLE WITH CAP X 6 PACK),Medha,Bottles & Carboys,,pack,1243,,,
ASB-HD-500-S,ASB-HD-500-S (12 BOTTLE WITH CAP X 4 PACK),Medha,Bottles & Carboys,,pack,1535,,,
ASB-HD-1000-S,ASB-HD-1000-S (12 BOTTLE WITH CAP X 2 PACK),Medha,Bottles & Carboys,,pack,1648,,,
ASH-PP-4000,ASH-PP-4000 (1 X 6 BOTTLE),Medha,Bottles & Carboys,,pack,8334,,,
AWB-HD-1000,AWB-HD-1000 (12 BOTTLE WITH CAP X 2 PACK),Medha,Bottles & Carboys,,pack,4919,,,
AWB-HD-1000-A,AWB-HD-1000-A (12 BOTTLE WITH CAP X 2 PACK),Medha,Bottles & Carboys,,pack,6895,,,
AWB-HD-125,AWB-HD-125 (12 BOTTLE WITH CAP X 6 PACK),Medha,Bottles & Carboys,,pack,3594,,,
AWB-HD-125-A,AWB-HD-125-A (12 BOTTLE WITH CAP X 6 PACK),Medha,Bottles & Carboys,,pack,4416,,,
AWB-HD-2000,AWB-HD-2000 (6 BOTTLE WITH CAP X 1 PACK),Medha,Bottles & Carboys,,pack,2654,,,
AWB-HD-2000-A,AWB-HD-2000-A (6 BOTTLE WITH CAP X 1 PACK),Medha,Bottles & Carboys,,pack,3295,,,
AWB-HD-250,AWB-HD-250 (12 BOTTLE WITH CAP X 6 PACK),Medha,Bottles & Carboys,,pack,5581,,,
AWB-HD-250-A,AWB-HD-250-A (12 BOTTLE WITH CAP X 6 PACK),Medha,Bottles & Carboys,,pack,6748,,,
AWB-HD-30,AWB-HD-30 (12 BOTTLE WITH CAP X 6 PACK),Medha,Bottles & Carboys,,pack,1988,,,
AWB-HD-30-A,AWB-HD-30-A (12 BOTTLE WITH CAP X 6 PACK),Medha,Bottles & Carboys,,pack,2543,,,
AWB-HD-500,AWB-HD-500 (12 BOTTLE WITH CAP X 4 PACK),Medha,Bottles & Carboys,,pack,5047,,,
AWB-HD-500-A,AWB-HD-500-A (12 BOTTLE WITH CAP X 4 PACK),Medha,Bottles & Carboys,,pack,6117,,,
AWB-HD-60,AWB-HD-60 (12 BOTTLE WITH CAP X 6 PACK),Medha,Bottles & Carboys,,pack,2618,,,
AWB-HD-60-A,AWB-HD-60-A (12 BOTTLE WITH CAP X 6 PACK),Medha,Bottles & Carboys,,pack,3154,,,
AWB-LD-1000,AWB-LD-1000 (12 BOTTLE WITH CAP X 2 PACK),Medha,Bottles & Carboys,,pack,4473,,,
AWB-LD-125,AWB-LD-125 (12 BOTTLE WITH CAP X 6 PACK),Medha,Bottles & Carboys,,pack,3269,,,
AWB-LD-250,AWB-LD-250 (12 BOTTLE WITH CAP X 6 PACK),Medha,Bottles & Carboys,,pack,5047,,,
AWB-LD-30,AWB-LD-30 (12 BOTTLE WITH CAP X 6 PACK),Medha,Bottles & Carboys,,pack,1816,,,
AWB-LD-500,AWB-LD-500 (12 BOTTLE WITH CAP X 4 PACK),Medha,Bottles & Carboys,,pack,4626,,,
AWB-LD-60,AWB-LD-60 (12 BOTTLE WITH CAP X 6 PACK),Medha,Bottles & Carboys,,pack,2352,,,
AWB-PP-1000,AWB-PP-1000 (12 BOTTLE WITH CAP X 2 PACK),Medha,Bottles & Carboys,,pack,5461,,,
AWB-PP-125,AWB-PP-125 (12 BOTTLE WITH CAP X 6 PACK),Medha,Bottles & Carboys,,pack,3957,,,
AWB-PP-2000,AWB-PP-2000 (6 BOTTLE X 1 PACK),Medha,Bottles & Carboys,,pack,2925,,,
AWB-PP-250,AWB-PP-250 (12 BOTTLE WITH CAP X 6 PACK),Medha,Bottles & Carboys,,pack,6213,,,
AWB-PP-30,AWB-PP-30 (12 BOTTLE WITH CAP X 6 PACK),Medha,Bottles & Carboys,,pack,2179,,,
AWB-PP-500,AWB-PP-500 (12 BOTTLE WITH CAP X 4 PACK),Medha,Bottles & Carboys,,pack,5581,,,
AWB-PP-60,AWB-PP-60 (12 BOTTLE WITH CAP X 6 PACK),Medha,Bottles & Carboys,,pack,2905,,,
UAMB-1000-PG-IW-S,UAMB-1000-PG-IW-S (1 BOTTLE WITH CAP X 50 PACK),Medha,Bottles & Carboys,,pack,28438,,,
UAMB-1000-PG-S,UAMB-1000-PG-S (12 BOTTLE WITH CAP X 2 PACK),Medha,Bottles & Carboys,,pack,12432,,,
UAMB-125-PG-IW-S,UAMB-125-PG-IW-S (1 BOTTLE WITH CAP X 60 PACK),Medha,Bottles & Carboys,,pack,13027,,,
UAMB-125-PG-S,UAMB-125-PG-S (24 BOTTLE WITH CAP X 4 PACK),Medha,Bottles & Carboys,,pack,19484,,,
UAMB-2000-PG-IW-S,UAMB-2000-PG-IW-S (1 BOTTLE WITH CAP X 20 PACK),Medha,Bottles & Carboys,,pack,19588,,,
UAMB-2000-PG-S,UAMB-2000-PG-S (6 BOTTLE WITH CAP X 2 PACK),Medha,Bottles & Carboys,,pack,10677,,,
UAMB-250-PG-IW-S,UAMB-250-PG-IW-S (1 BOTTLE WITH CAP X 54 PACK),Medha,Bottles & Carboys,,pack,16950,,,
UAMB-250-PG-S,UAMB-250-PG-S (24 BOTTLE WITH CAP X 2 PACK),Medha,Bottles & Carboys,,pack,13140,,,
UAMB-30-PG-IW-S,UAMB-30-PG-IW-S (1 BOTTLE WITH CAP X 46 PACK),Medha,Bottles & Carboys,,pack,7871,,,
UAMB-30-PG-S,UAMB-30-PG-S (24 BOTTLE WITH CAP X 4 PACK),Medha,Bottles & Carboys,,pack,11328,,,
UAMB-500-PG-IW-S,UAMB-500-PG-IW-S (1 BOTTLE WITH CAP X 70 PACK),Medha,Bottles & Carboys,,pack,29736,,,
UAMB-500-PG-S,UAMB-500-PG-S (12 BOTTLE WITH CAP X 2 PACK),Medha,Bottles & Carboys,,pack,16992,,,
UAMB-60-PG-IW-S,UAMB-60-PG-IW-S (1 BOTTLE WITH CAP X 40 PACK),Medha,Bottles & Carboys,,pack,7552,,,
UAMB-60-PG-S,UAMB-60-PG-S (24 BOTTLE WITH CAP X 4 PACK),Medha,Bottles & Carboys,,pack,14613,,,
AWB-PP-30-S,AWB-PP-30-S (12 BOTTLE WITH CAP X 6 PACK),Medha,Bottles & Carboys,,pack,2506,,,
AWB-PP-60-S,AWB-PP-60-S (12 BOTTLE WITH CAP X 6 PACK),Medha,Bottles & Carboys,,pack,3342,,,
AWB-PP-125-S,AWB-PP-125-S (12 BOTTLE WITH CAP X 6 PACK),Medha,Bottles & Carboys,,pack,4550,,,
AWB-PP-250-S,AWB-PP-250-S (12 BOTTLE WITH CAP X 6 PACK),Medha,Bottles & Carboys,,pack,7145,,,
AWB-PP-1000-S,AWB-PP-1000-S (12 BOTTLE WITH CAP X 2 PACK),Medha,Bottles & Carboys,,pack,6280,,,
AWB-PP-30-S-W,AWB-PP-30-S-W (12 BOTTLE WITH CAP X 6 PACK),Medha,Bottles & Carboys,,pack,3133,,,
AWB-PP-60-S-W,AWB-PP-60-S-W (12 BOTTLE WITH CAP X 6 PACK),Medha,Bottles & Carboys,,pack,4177,,,
AWB-PP-125-S-W,AWB-PP-125-S-W (12 BOTTLE WITH CAP X 6 PACK),Medha,Bottles & Carboys,,pack,5689,,,
AWB-PP-500-S-W,AWB-PP-500-S-W (12 BOTTLE WITH CAP X 4 PACK),Medha,Bottles & Carboys,,pack,8024,,,
AHD-HD-1000,AHD-HD-1000 (6 BOTTLE X 1 PACK),Medha,Bottles & Carboys,,pack,4072,,,
AHD-HD-2000,AHD-HD-2000 (6 BOTTLE X 1 PACK),Medha,Bottles & Carboys,,pack,6171,,,
AHD-HD-4000,AHD-HD-4000 (6 BOTTLE X 1 PACK),Medha,Bottles & Carboys,,pack,11316,,,
AHD-PP-2000-S,AHD-PP-2000-S (6 BOTTLE X 1 PACK),Medha,Bottles & Carboys,,pack,7097,,,
AHD-HD-4000-S,AHD-HD-4000-S (6 BOTTLE X 1 PACK),Medha,Bottles & Carboys,,pack,13014,,,
ANB-PP-125-IW-G-S,ANB-PP-125-IW-G-S (12 IW BOTTLE WITH CAP X 6 PACK),Medha,Bottles & Carboys,,pack,15289,,,
ANB-PP-250-IW-G-S,ANB-PP-250-IW-G-S (12 IW BOTTLE WITH CAP X 6 PACK),Medha,Bottles & Carboys,,pack,24727,,,
ANB-PP-500-IW-G-S,ANB-PP-500-IW-G-S (12 IW BOTTLE WITH CAP X 4 PACK),Medha,Bottles & Carboys,,pack,21960,,,
ANB-PP-1000-IW-G-S,ANB-PP-1000-IW-G-S (12 IW BOTTLE WITH CAP X 2 PACK),Medha,Bottles & Carboys,,pack,27159,,,
AWB-PP-125-IW-G-S,AWB-PP-125-IW-G-S (12 IW BOTTLE WITH CAP X 6 PACK),Medha,Bottles & Carboys,,pack,18082,,,
AWB-PP-250-IW-G-S,AWB-PP-250-IW-G-S (12 IW BOTTLE WITH CAP X 6 PACK),Medha,Bottles & Carboys,,pack,28394,,,
AWB-PP-500-IW-G-S,AWB-PP-500-IW-G-S (12 IW BOTTLE WITH CAP X 4 PACK),Medha,Bottles & Carboys,,pack,25509,,,
AWB-PP-1000-IW-G-S,AWB-PP-1000-IW-G-S (12 IW BOTTLE WITH CAP X 2 PACK),Medha,Bottles & Carboys,,pack,31282,,,
AP-90V-IW,AP-90V-IW (1 PLATE X 500 PACK),Medha,PCR & Plates,,pack,4720,,,
AP-90NV-IW,AP-90NV-IW (1 PLATE X 500 PACK),Medha,PCR & Plates,,pack,4720,,,
AP-90V-S-IW,AP-90V-S-IW (1 PLATE X 500 PACK),Medha,PCR & Plates,,pack,5310,,,
AP-90NV-S-IW,AP-90NV-S-IW (1 PLATE X 500 PACK),Medha,PCR & Plates,,pack,5310,,,
AP-90V-10-DW-M,AP-90V-10-DW-M ( 10 PLATE X 60 PACKS),Medha,PCR & Plates,,pack,6018,,,
AP-90NV-10-DW-M,AP-90NV-10-DW-M ( 10 PLATE X 60 PACKS),Medha,PCR & Plates,,pack,6018,,,
AP-90V-10-S-DW-M,AP-90V-10-S-DW-M ( 10 PLATE X 60 PACKS),Medha,PCR & Plates,,pack,6712,,,
AP-90NV-10-S-DW-M,AP-90NV-10-S-DW-M ( 10 PLATE X 60 PACKS),Medha,PCR & Plates,,pack,6712,,,
AP-90V-20-DW-M,AP-90V-20-DW-M ( 20 PLATE X 30 PACKS),Medha,PCR & Plates,,pack,5876,,,
AP-90NV-20-DW-M,AP-90NV-20-DW-M ( 20 PLATE X 30 PACKS),Medha,PCR & Plates,,pack,5876,,,
AP-90V-20-S-DW-M,AP-90V-20-S-DW-M (20 PLATES X 30 PACKS),Medha,PCR & Plates,,pack,6549,,,
AP-90NV-20-S-DW-M,AP-90NV-20-S-DW-M ( 20 PLATE X 30 PACKS),Medha,PCR & Plates,,pack,6549,,,
AP-90V-10-TW-M,AP-90V-10-TW-M ( 10 PLATE X 60 PACKS),Medha,PCR & Plates,,pack,7080,,,
AP-90NV-10-TW-M,AP-90NV-10-TW-M ( 10 PLATE X 60 PACKS),Medha,PCR & Plates,,pack,7080,,,
AP-90V-10-S-TW-M,AP-90V-10-S-TW-M ( 10 PLATE X 60 PACKS),Medha,PCR & Plates,,pack,7774,,,
AP-90NV-10-S-TW-M,AP-90NV-10-S-TW-M ( 10 PLATE X 60 PACKS),Medha,PCR & Plates,,pack,7774,,,
AP-90V-20-TW-M,AP-90V-20-TW-M ( 20 PLATE X 30 PACKS),Medha,PCR & Plates,,pack,6938,,,
AP-90NV-20-TW-M,AP-90NV-20-TW-M ( 20 PLATE X 30 PACKS),Medha,PCR & Plates,,pack,6938,,,
AP-90V-20-S-TW-M,AP-90V-20-S-TW-M (20 PLATES X 30 PACKS),Medha,PCR & Plates,,pack,7611,,,
AP-90NV-20-S-TW-M,AP-90NV-20-S-TW-M ( 20 PLATE X 30 PACKS),Medha,PCR & Plates,,pack,7611,,,
ABEF-125-NV-PC-S,ABEF-125-NV-PC-S (1 FLASK WITH CAP X 24 PACK),Medha,Bottles & Carboys,,pack,9072,,,
ABEF-250-NV-PC-S,ABEF-250-NV-PC-S (1 FLASK WITH CAP X 12 PACK),Medha,Bottles & Carboys,,pack,5349,,,
ABEF-500-NV-PC-S,ABEF-500-NV-PC-S (1 FLASK WITH CAP X 12 PACK),Medha,Bottles & Carboys,,pack,6344,,,
ABEF-1000-NV-PC-S,ABEF-1000-NV-PC-S (1 FLASK WITH CAP X 6 PACK),Medha,Bottles & Carboys,,pack,4606,,,
ABEF-2000-NV-PC-S,ABEF-2000-NV-PC-S (1 FLASK WITH CAP X 4 PACK),Medha,Bottles & Carboys,,pack,3908,,,
ABEF-3000-NV-PC-S,ABEF-3000-NV-PC-S (1 FLASK WITH CAP X 4 PACK),Medha,Bottles & Carboys,,pack,6280,,,
ABEF-125-V-PC-S,ABEF-125-V-PC-S (1 FLASK WITH CAP X 24 PACK),Medha,Bottles & Carboys,,pack,10467,,,
ABEF-250-V-PC-S,ABEF-250-V-PC-S (1 FLASK WITH CAP X 12 PACK),Medha,Bottles & Carboys,,pack,6071,,,
ABEF-500-V-PC-S,ABEF-500-V-PC-S (1 FLASK WITH CAP X 12 PACK),Medha,Bottles & Carboys,,pack,7606,,,
ABEF-1000-V-PC-S,ABEF-1000-V-PC-S (1 FLASK WITH CAP X 6 PACK),Medha,Bottles & Carboys,,pack,5024,,,
ABEF-2000-V-PC-S,ABEF-2000-V-PC-S (1 FLASK WITH CAP X 4 PACK),Medha,Bottles & Carboys,,pack,4187,,,
ARB-PT-2L-IW-S,ARB-PT-2L-IW-S (1 X 18 BOTTLES),Medha,Bottles & Carboys,,pack,11151,,,
AWB-HD-4000,AWB-HD-4000 (6 BOTTLE WITH CAP X 1 PACK),Medha,Bottles & Carboys,,pack,5808,,,
ACT-50-K-B-A,ACT-50-K-B-A (25 TUBES X 20 PACKS),Medha,Tubes & Vials,,pack,10338,,,
ACT-50-K-B-S-A,ACT-50-K-B-S-A (25 TUBES X 20 PACKS),Medha,Tubes & Vials,,pack,10338,,,
ANB-PP-2000,ANB-PP-2000 (6 BOTTLE X 1 PACK),Medha,Bottles & Carboys,,pack,3064,,,
ANB-PP-4000,ANB-PP-4000 (6 BOTTLE X 1 PACK),Medha,Bottles & Carboys,,pack,5964,,,
ANB-PP-8-S,ANB-PP-8-S (12 BOTTLE WITH CAP X 6 PACK),Medha,Bottles & Carboys,,pack,1340,,,
ANB-PP-15-S,ANB-PP-15-S (12 BOTTLE WITH CAP X 6 PACK),Medha,Bottles & Carboys,,pack,1561,,,
ANB-PP-60-S,ANB-PP-60-S (12 BOTTLE WITH CAP X 6 PACK),Medha,Bottles & Carboys,,pack,2814,,,
ANB-PP-500-S,ANB-PP-500-S (12 BOTTLE WITH CAP X 4 PACK),Medha,Bottles & Carboys,,pack,5525,,,
ANB-PP-1000-S,ANB-PP-1000-S (12 BOTTLE WITH CAP X 2 PACK),Medha,Bottles & Carboys,,pack,5452,,,
ANB-HD-2000,ANB-HD-2000 (6 BOTTLE X 1 PACK),Medha,Bottles & Carboys,,pack,2738,,,
ANB-HD-4000,ANB-HD-4000 (6 BOTTLE X 1 PACK),Medha,Bottles & Carboys,,pack,5983,,,
ANB-HD-4-S,ANB-HD-4-S (12 BOTTLE WITH CAP X 6 PACK),Medha,Bottles & Carboys,,pack,923,,,
ANB-HD-8-S,ANB-HD-8-S (12 BOTTLE WITH CAP X 6 PACK),Medha,Bottles & Carboys,,pack,1143,,,
ANB-HD-15-S,ANB-HD-15-S (12 BOTTLE WITH CAP X 6 PACK),Medha,Bottles & Carboys,,pack,1340,,,
ANB-HD-30-S,ANB-HD-30-S (12 BOTTLE WITH CAP X 6 PACK),Medha,Bottles & Carboys,,pack,1847,,,
ANB-HD-60-S,ANB-HD-60-S (12 BOTTLE WITH CAP X 6 PACK),Medha,Bottles & Carboys,,pack,2506,,,
ANB-HD-125-S,ANB-HD-125-S (12 BOTTLE WITH CAP X 6 PACK),Medha,Bottles & Carboys,,pack,3429,,,
ANB-HD-250-S,ANB-HD-250-S (12 BOTTLE WITH CAP X 6 PACK),Medha,Bottles & Carboys,,pack,5496,,,
ANB-HD-500-S,ANB-HD-500-S (12 BOTTLE WITH CAP X 4 PACK),Medha,Bottles & Carboys,,pack,4558,,,
ANB-HD-2000-S,ANB-HD-2000-S (6 BOTTLE X 1 PACK),Medha,Bottles & Carboys,,pack,3148,,,
ANB-HD-4-A-S,ANB-HD-4-A-S (12 BOTTLE WITH CAP X 6 PACK),Medha,Bottles & Carboys,,pack,1165,,,
ANB-HD-8-A-S,ANB-HD-8-A-S (12 BOTTLE WITH CAP X 6 PACK),Medha,Bottles & Carboys,,pack,1473,,,
ANB-HD-15-A-S,ANB-HD-15-A-S (12 BOTTLE WITH CAP X 6 PACK),Medha,Bottles & Carboys,,pack,1671,,,
ANB-HD-30-A-S,ANB-HD-30-A-S (12 BOTTLE WITH CAP X 6 PACK),Medha,Bottles & Carboys,,pack,2506,,,
ANB-HD-60-A-S,ANB-HD-60-A-S (12 BOTTLE WITH CAP X 6 PACK),Medha,Bottles & Carboys,,pack,3210,,,
ANB-HD-125-A-S,ANB-HD-125-A-S (12 BOTTLE WITH CAP X 6 PACK),Medha,Bottles & Carboys,,pack,4353,,,
ANB-HD-250-A-S,ANB-HD-250-A-S (12 BOTTLE WITH CAP X 6 PACK),Medha,Bottles & Carboys,,pack,6837,,,
ANB-HD-500-A-S,ANB-HD-500-A-S (12 BOTTLE WITH CAP X 4 PACK),Medha,Bottles & Carboys,,pack,6141,,,
ANB-LD-1000-S,ANB-LD-1000-S (12 BOTTLE WITH CAP X 2 PACK),Medha,Bottles & Carboys,,pack,4067,,,
AWB-PP-500-S,AWB-PP-500-S (12 BOTTLE WITH CAP X 4 PACK),Medha,Bottles & Carboys,,pack,6419,,,
AWB-PP-250-IW-S,AWB-PP-250-IW-S (1 BOTTLE WITH CAP X 72 PACK),Medha,Bottles & Carboys,,pack,8930,,,
AWB-HD-30-S,AWB-HD-30-S (12 BOTTLE WITH CAP X 6 PACK),Medha,Bottles & Carboys,,pack,2287,,,
AWB-HD-60-S,AWB-HD-60-S (12 BOTTLE WITH CAP X 6 PACK),Medha,Bottles & Carboys,,pack,3011,,,
AWB-HD-125-S,AWB-HD-125-S (12 BOTTLE WITH CAP X 6 PACK),Medha,Bottles & Carboys,,pack,4132,,,
AWB-HD-250-S,AWB-HD-250-S (12 BOTTLE WITH CAP X 6 PACK),Medha,Bottles & Carboys,,pack,6419,,,
AWB-HD-500-S,AWB-HD-500-S (12 BOTTLE WITH CAP X 4 PACK),Medha,Bottles & Carboys,,pack,5803,,,
AWB-HD-1000-S,AWB-HD-1000-S (12 BOTTLE WITH CAP X 2 PACK),Medha,Bottles & Carboys,,pack,5657,,,
AWB-HD-S-W-30,AWB-HD-S-W-30 (1 BOTTLE WITH CAP X 72 PACK),Medha,Bottles & Carboys,,pack,2629,,,
AWB-HD-S-W-60,AWB-HD-S-W-60 (1 BOTTLE WITH CAP X 72 PACK),Medha,Bottles & Carboys,,pack,3463,,,
AWB-HD-S-W-125,AWB-HD-S-W-125 (1 BOTTLE WITH CAP X 72 PACK),Medha,Bottles & Carboys,,pack,4753,,,
AWB-HD-S-W-250,AWB-HD-S-W-250 (1 BOTTLE WITH CAP X 72 PACK),Medha,Bottles & Carboys,,pack,7382,,,
AWB-HD-S-W-500,AWB-HD-S-W-500 (1 BOTTLE WITH CAP X 48 PACK),Medha,Bottles & Carboys,,pack,6674,,,
AWB-HD-S-W-1000,AWB-HD-S-W-1000 (1 BOTTLE WITH CAP X 24 PACK),Medha,Bottles & Carboys,,pack,6505,,,
AWB-HD-30-WH,AWB-HD-30-WH (12 BOTTLE WITH CAP X 6 PACK),Medha,Bottles & Carboys,,pack,2485,,,
AWB-HD-60-WH,AWB-HD-60-WH (12 BOTTLE WITH CAP X 6 PACK),Medha,Bottles & Carboys,,pack,3273,,,
AWB-HD-125-WH,AWB-HD-125-WH (12 BOTTLE WITH CAP X 6 PACK),Medha,Bottles & Carboys,,pack,4492,,,
AWB-HD-250-WH,AWB-HD-250-WH (12 BOTTLE WITH CAP X 6 PACK),Medha,Bottles & Carboys,,pack,6977,,,
AWB-HD-500-WH,AWB-HD-500-WH (12 BOTTLE WITH CAP X 4 PACK),Medha,Bottles & Carboys,,pack,6308,,,
AWB-HD-1000-WH,AWB-HD-1000-WH (12 BOTTLE WITH CAP X 2 PACK),Medha,Bottles & Carboys,,pack,6149,,,
AWB-HD-30-A-S,AWB-HD-30-A-S (12 BOTTLE WITH CAP X 6 PACK),Medha,Bottles & Carboys,,pack,2543,,,
AWB-HD-125-A-2,AWB-HD-125-A (12 BOTTLE WITH CAP X 6 PACK),Medha,Bottles & Carboys,,pack,4416,,,
AHD-PP-5000,AHD-PP-5000 (4 BOTTLE X 1 PACK),Medha,Bottles & Carboys,,pack,9053,,,
AHD-PP-5000-S,AHD-PP-5000-S (4 BOTTLE WITH CAP X 1 PACK),Medha,Bottles & Carboys,,pack,10411,,,
ARH-PP-4000,ARH-PP-4000 (6 BOTTLE WITH CAP X 1 PACK),Medha,Bottles & Carboys,,pack,8334,,,
ARH-HD-4000,ARH-HD-4000 (6 BOTTLE WITH CAP X 1 PACK),Medha,Bottles & Carboys,,pack,7819,,,
ASH-PP-2000,ASH-PP-2000 (6 BOTTLE X 1 PACK),Medha,Bottles & Carboys,,pack,7085,,,
ASH-HD-2000,ASH-HD-2000 (6 BOTTLE X 1 PACK),Medha,Bottles & Carboys,,pack,6646,,,
ASH-HD-4000,ASH-HD-4000 (1 X 6 BOTTLE),Medha,Bottles & Carboys,,pack,7819,,,
ACB-LD-10-C,ACB-LD-10-C (1 CARBOY WITH CAP X 1 PACK),Medha,Bottles & Carboys,,pack,2635,,,
ACB-LD-15-C,ACB-LD-15-C (1 CARBOY WITH CAP X 1 PACK),Medha,Bottles & Carboys,,pack,3446,,,
ACB-LD-20-C,ACB-LD-20-C (1 CARBOY WITH CAP X 1 PACK),Medha,Bottles & Carboys,,pack,3735,,,
ACB-LD-25-C,ACB-LD-25-C (1 CARBOY WITH CAP X 1 PACK),Medha,Bottles & Carboys,,pack,5203,,,
ACB-LD-50-C,ACB-LD-50-C (1 CARBOY WITH CAP X 1 PACK),Medha,Bottles & Carboys,,pack,7563,,,
ACB-LD-10-C-S,ACB-LD-10-C-S (1 CARBOY WITH CAP X 1 PACK),Medha,Bottles & Carboys,,pack,3898,,,
ACB-LD-15-C-S,ACB-LD-15-C-S (1 CARBOY WITH CAP X 1 PACK),Medha,Bottles & Carboys,,pack,4390,,,
ACB-LD-20-C-S,ACB-LD-20-C-S (1 CARBOY WITH CAP X 1 PACK),Medha,Bottles & Carboys,,pack,4797,,,
ACB-LD-25-C-S,ACB-LD-25-C-S (1 CARBOY WITH CAP X 1 PACK),Medha,Bottles & Carboys,,pack,6147,,,
ACB-LD-50-C-S,ACB-LD-50-C-S (1 CARBOY WITH CAP X 1 PACK),Medha,Bottles & Carboys,,pack,8684,,,
